timestamp,x,y,z,qx,qy,qz,qw,roll,pitch,yaw,logging_active
2026-01-14 21:25:22.920,0.10353280034640597,1.024622497752263,0.3187883102555224,0.11574836888670517,0.9610303631088818,0.25086147348669796,0.009564381995763841,2.6354957957690734,-0.03970071794669749,2.912131031285676,1
2026-01-14 21:25:22.970,0.10486262470133186,1.0217441562323122,0.3106708168992487,0.11706553964547645,0.9620959037380887,0.2461422453234105,0.009007025316590813,2.6453548991394573,-0.040309220306140925,2.909641046872813,1
2026-01-14 21:25:23.020,0.10716045468459298,1.0178061484632683,0.30159645630067317,0.11902088713043277,0.9632221355229074,0.2407590698823388,0.008498019461374177,2.656576457358872,-0.04095120016376033,2.9058400040826826,1
2026-01-14 21:25:23.070,0.11052307252908179,1.0125246267288888,0.29163881201803665,0.12171957072118929,0.9643979345916736,0.23464250085753455,0.00799166128446872,2.669311623764662,-0.04171898642882817,2.900534524873917,1
2026-01-14 21:25:23.120,0.11520413111868612,1.0066394540060801,0.2818979935830919,0.12539822173873136,0.9654009183938,0.22851482320988176,0.007571546904557666,2.6820702391729885,-0.04270452696336051,2.8932439744384233,1
2026-01-14 21:25:23.170,0.12125478667694993,1.000777715998665,0.2734166931064508,0.1299392786704238,0.9660808420604642,0.22304666532019737,0.007333181566983209,2.6934595917654547,-0.04381016617768881,2.884180059811397,1
2026-01-14 21:25:23.220,0.12879826979120498,0.9954202360391518,0.2664123848535205,0.13518248091004612,0.966404370831633,0.21848175015084303,0.007349404298676978,2.702964261258839,-0.04487988185089508,2.8736377273707854,1
2026-01-14 21:25:23.270,0.13779898499589227,0.9909336408002875,0.26129737588105945,0.14211674852819195,0.9661617642670025,0.2151258595109449,0.007425606098147856,2.7100620159008493,-0.04681439975161684,2.859761402529,1
2026-01-14 21:25:23.320,0.14795755116983672,0.9874863848629278,0.25824386404737376,0.15135962117075,0.9652007042368401,0.21312826304533536,0.007362683684174264,2.714554990011598,-0.05032633258364299,2.841406960059368,1
2026-01-14 21:25:23.370,0.15887217826890446,0.9847769833798659,0.2566896552520527,0.1628529276804065,0.9635546578606321,0.2121117593760602,0.007067304676666025,2.7172759226380028,-0.05549505364950837,2.8186884385146334,1
2026-01-14 21:25:23.420,0.16973267491400842,0.9824896366330652,0.25598214668679653,0.17833611439228475,0.9609137837882926,0.2116726752773507,0.005967325201242916,2.7193933721152184,-0.0640734270068775,2.7883229648596743,1
2026-01-14 21:25:23.470,0.18015248981621426,0.9802538855441622,0.2553956505128706,0.1981412981975713,0.9571123501694847,0.21133254464874543,0.0038119121071896094,2.7221621218481467,-0.07652522133109971,2.7496157275855984,1
2026-01-14 21:25:23.520,0.18979127061723586,0.9776349382434899,0.254205266741542,0.22084453974132753,0.9523075808079793,0.2105642455465689,0.0008119725978512947,2.7266998211187876,-0.0915854134782952,2.7051287694543285,1
2026-01-14 21:25:23.570,0.19825831957926487,0.9740351347688604,0.25137412901159883,-0.24486511555635085,-0.9468346999958226,-0.20865637479616925,0.002764656274530028,2.7343663118602173,-0.10762835131709142,2.6576961493700577,1
2026-01-14 21:25:23.620,0.20534424353993877,0.9691719131298728,0.24638752548813614,-0.26895922541255873,-0.9410203824037786,-0.2051766910788584,0.006640813508411763,2.7458435122723133,-0.12317786522829252,2.609531153566088,1
2026-01-14 21:25:23.670,0.21085638892162223,0.9632702326177778,0.23954750478516398,-0.291881784760752,-0.9351578084454456,-0.2004353648402728,0.010514825235642244,2.7601798044455568,-0.13710201933136823,2.5630226054528107,1
2026-01-14 21:25:23.720,0.2151050732593303,0.9568318132879406,0.23181102745448376,-0.3127259394465696,-0.9295078378724263,-0.19498860616461608,0.01403957253508993,2.775845181416565,-0.14860209159568769,2.5200316920773362,1
2026-01-14 21:25:23.770,0.21803011142276352,0.9506772613962643,0.22427960287802703,-0.3300957008482512,-0.9245502202522449,-0.1896212494752464,0.016955832638768147,2.7907688824830417,-0.15718583209663925,2.4836524468627026,1
2026-01-14 21:25:23.820,0.22040324249932555,0.9442852685239571,0.21638448642096952,-0.3461413052325935,-0.9197667405976635,-0.18393730180185341,0.01955527315280955,2.806092868143238,-0.16404393413927978,2.4495499057609327,1
2026-01-14 21:25:23.870,0.2222696546512538,0.9386548915874771,0.20954448976681692,-0.3590875215428471,-0.9157318545156719,-0.17895939571935873,0.021560546868428718,2.819263776287541,-0.1688121781480101,2.4216907436100845,1
2026-01-14 21:25:23.920,0.22387089068392996,0.9335583798921501,0.2034448229666834,-0.3693419863805263,-0.9124707180854236,-0.1745073407446605,0.023040697892766804,2.8306567976985137,-0.17179753717024393,2.399358106243247,1
2026-01-14 21:25:23.970,0.22542492113164422,0.9290369302261331,0.19818453388291513,-0.3770689141552861,-0.9100088960332642,-0.17066672990476045,0.0239939663600854,2.840077925557733,-0.17324094678364488,2.3823304825893223,1
2026-01-14 21:25:24.020,0.22704583845292653,0.9250203400917321,0.19367237427418477,-0.3827450944022578,-0.9082343211798332,-0.16737048104017857,0.024570971051098525,2.8478171941832495,-0.17362386809768388,2.3696809201950533,1
2026-01-14 21:25:24.070,0.22896357197191047,0.921294634535533,0.18964822369451761,-0.38754510499428324,-0.9067253663919702,-0.16442647102615154,0.02493666301259131,2.8545644433795805,-0.1735364526950228,2.3589084374299456,1
2026-01-14 21:25:24.120,0.23123331454438445,0.9172989667093997,0.18548803859039917,-0.392845737582943,-0.9049795641414605,-0.16138418688136344,0.02528555267117546,2.861569104118873,-0.1734321256347497,2.3470000776970923,1
2026-01-14 21:25:24.170,0.23385674779654117,0.9124617876782797,0.18048367617771638,-0.3997166968620041,-0.9026074190435222,-0.1576707692940268,0.02581352063454871,2.870257472177636,-0.17351561058207732,2.331558444573563,1
2026-01-14 21:25:24.220,0.2367815979244423,0.9067925870296116,0.1746442784952584,-0.40882322501557045,-0.8992528419889086,-0.1532940246799667,0.026624027872524818,2.880818237284845,-0.1741019974310818,2.3110921235564774,1
2026-01-14 21:25:24.270,0.24009220034634196,0.9005136514600389,0.16838426111644914,-0.4209904652276736,-0.894397774303839,-0.14848452455915967,0.02778480653462438,2.8930432566037636,-0.1756239018678741,2.283723534963159,1
2026-01-14 21:25:24.320,0.24368490797750444,0.893998377342357,0.16210019808149936,-0.4359686101259287,-0.8879604508609786,-0.14352658665725165,0.029286987112920493,2.9063884361296486,-0.17809755856053397,2.2498822109619123,1
2026-01-14 21:25:24.370,0.2471949979809311,0.887569972942406,0.15601431183797104,-0.452562977739606,-0.8803507456225795,-0.13859559941133553,0.03099315545474411,2.920229650862872,-0.18100288912713833,2.2120807338573325,1
2026-01-14 21:25:24.420,0.2506257936430505,0.8815865849835739,0.15049224636268477,-0.4696514027628422,-0.8720102239931752,-0.13400099822223407,0.032702623896439596,2.9336312728255503,-0.18393698961289925,2.1727677336853644,1
2026-01-14 21:25:24.470,0.25393852385029725,0.8759373362422359,0.14535207838840955,-0.4867845206647607,-0.8631641894542289,-0.12964225067480312,0.03437003527747089,2.946653092008928,-0.18663119520012558,2.1329080942835117,1
2026-01-14 21:25:24.520,0.25690723989108444,0.8702623869453359,0.1401583745356525,-0.5031717066581005,-0.8543107913413214,-0.1252300366001425,0.03589907171037766,2.9595384691346394,-0.18847625391923273,2.094293477780482,1
2026-01-14 21:25:24.570,0.25919732545138136,0.8645622107578564,0.13477840990365056,-0.5171363625812616,-0.8465377749875328,-0.12071252628606483,0.03704408202419449,2.9717144278915177,-0.18868571934703365,2.06093756772207,1
2026-01-14 21:25:24.620,0.2605614331646641,0.8591883179799594,0.12957782024100917,-0.5261711653905814,-0.8415287946393977,-0.1164535276199087,0.03757350674556596,2.9816820007576776,-0.1868731047966292,2.03904234634324,1
2026-01-14 21:25:24.670,0.26094082017090187,0.8543383891129545,0.1248363265335774,-0.5287279542559358,-0.8404431760458903,-0.11273122395644182,0.037332149302076026,2.9884365250639373,-0.18297874986837132,2.0325781561244525,1
2026-01-14 21:25:24.720,0.26030258980481175,0.8501795442213522,0.12053657993077985,-0.5297484509569654,-0.8402598188679741,-0.10934153667103023,0.037073492728268445,2.994240021388559,-0.17910580303378681,2.0298187330634665,1
2026-01-14 21:25:24.770,0.25901275421491976,0.8466389797534923,0.11670548810189646,-0.5303164152356352,-0.8403010725991686,-0.10628284786817618,0.03691291602328586,2.999466630561451,-0.17566506238305443,2.028177366541771,1
2026-01-14 21:25:24.820,0.25746352470512857,0.8437172535736247,0.11342133025840329,-0.5305760475041027,-0.8404746686570016,-0.10363473125918893,0.03675910278643047,3.0039208723828614,-0.17261838005042057,2.0273161963432607,1
2026-01-14 21:25:24.870,0.25601971312472793,0.8410970493987946,0.1104816172322445,-0.5307937344923418,-0.8406305259561256,-0.10126976981779681,0.036643744015200506,3.0079147869972194,-0.1699310760140141,2.026584902507579,1
2026-01-14 21:25:24.920,0.25452001364310406,0.8384704357203008,0.10751705503345366,-0.530978888815633,-0.8408056624635999,-0.09885060221036367,0.036548817271031535,3.0120130500263005,-0.1672142170240085,2.0259300115857544,1
2026-01-14 21:25:24.970,0.25269160754407094,0.835248477471772,0.1039521494277307,-0.5312273486694016,-0.8409932289172639,-0.09592475195007809,0.036418881151247785,3.0169533358223966,-0.1639046590001934,2.0250853881065245,1
2026-01-14 21:25:25.020,0.25075466480814323,0.8316141529794042,0.09988832125041422,-0.5315478110100316,-0.8411690367264425,-0.0926229388090789,0.036229373021376944,3.0224837668846694,-0.16010016795990853,2.024045268267313,1
2026-01-14 21:25:25.070,0.24927472718718702,0.8283219321613051,0.09581178546263364,-0.5319644654564598,-0.8412597365792795,-0.08941681195401713,0.03606240205760225,3.0278843817780396,-0.15644622756902077,2.022790904623921,1
2026-01-14 21:25:25.120,0.24835201089407316,0.825079855091479,0.09156375521298044,-0.5326106699321485,-0.8411982280321451,-0.08616893919681085,0.03586543388422356,3.03335844823556,-0.15272185968506258,2.020994394073253,1
2026-01-14 21:25:25.170,0.24828866821538653,0.8220210170249496,0.08748256985181269,-0.5335978628093626,-0.8408875071118367,-0.08312784164340202,0.035655057596797886,3.0385152147477483,-0.14923073594024783,2.018408835540766,1
2026-01-14 21:25:25.220,0.2492400275214052,0.8189991733498959,0.08314532185094281,-0.5350435281796715,-0.840279055345407,-0.08004372508408486,0.03539115956764952,3.043755941551982,-0.14564502374550636,2.014734364996849,1
2026-01-14 21:25:25.270,0.2511139921463906,0.815802786989472,0.07840217010165854,-0.5369768305740675,-0.8393635665109495,-0.07675484891971514,0.03511950751306173,3.0494036165126492,-0.14186257306271327,2.0098858807621087,1
2026-01-14 21:25:25.320,0.2540314213524966,0.8123721753722273,0.07305045891560683,-0.5397505039106052,-0.8379184047873931,-0.07315267123745592,0.03479694149811127,3.0556455229186423,-0.13771729066758104,2.003011327872041,1
2026-01-14 21:25:25.370,0.2578906581591447,0.8088055560925327,0.06728328478368231,-0.5437218584430562,-0.8356822882629413,-0.06935246785420247,0.0345237445445197,3.0624356327509865,-0.13351499437890568,1.9932484641402572,1
2026-01-14 21:25:25.420,0.26219559499017586,0.805263772394943,0.06128632596853942,-0.5487592332997614,-0.8327098257959556,-0.06542619661399393,0.03430834720231298,3.069622207311171,-0.12930427270521858,1.9808961759888908,1
2026-01-14 21:25:25.470,0.26659332109749,0.801997337467342,0.05546055030967337,-0.5547308181942523,-0.8290381115549604,-0.061651607317582485,0.034184912608914486,3.076742044540969,-0.12540975808813581,1.9662595181229012,1
2026-01-14 21:25:25.520,0.2708206528912095,0.799158943408342,0.05004210838375628,-0.5617047371253674,-0.8245836256427316,-0.05816654455415494,0.03415092542580866,3.0835684017453855,-0.1219676105577779,1.949145736858029,1
2026-01-14 21:25:25.570,0.274760036565598,0.7969353349490929,0.04516857431573684,-0.5707675371167246,-0.8185483723362577,-0.054995172742826545,0.034329458113386065,3.0903623646539975,-0.11926208131898974,1.926838956466193,1
2026-01-14 21:25:25.620,0.27801960162978884,0.7949950769274639,0.04056129936477937,-0.5825770147799287,-0.8103756130704796,-0.05186870441811711,0.03471347134380841,3.097658717310515,-0.11696343414887359,1.8975721507497818,1
2026-01-14 21:25:25.670,0.28064353164618355,0.793299636660233,0.036356304317604865,-0.5969274102789583,-0.800032180671085,-0.04882545209705128,0.035245595126814196,3.1052995286012646,-0.11493862845882119,1.8616424780986511,1
2026-01-14 21:25:25.720,0.2826738343867201,0.7918082156666502,0.032680378047463154,-0.6124939048036815,-0.7883227513879091,-0.04597953987859048,0.03583766363881548,3.1128121966870252,-0.1130684331030177,1.8221568451695296,1
2026-01-14 21:25:25.770,0.284197514244816,0.7905246363996169,0.02942467545687391,-0.628184139315045,-0.7760024482349863,-0.04332934510257723,0.036434259966483334,3.1199849879130976,-0.11121287529136477,1.7817659683894307,1
2026-01-14 21:25:25.820,0.28506155936155736,0.7892319240867824,0.02623496416203902,-0.643033341863875,-0.7638658578296034,-0.04065452150784649,0.03693619328773839,3.126898242443691,-0.10892830437297349,1.7429483533277492,1
2026-01-14 21:25:25.870,0.28511690274596285,0.7878438951378575,0.02285242062618073,-0.656037027771649,-0.7528591783854434,-0.03781179765777597,0.037265851274633166,3.13350889973657,-0.10592170710924925,1.7084530734258194,1
2026-01-14 21:25:25.920,0.28437913579988217,0.786335654074951,0.019092428958430135,-0.6663453189346926,-0.7438947753203836,-0.034744187558793486,0.037380751941848867,3.1397077765180876,-0.10209521698138029,1.6807624734410413,1
2026-01-14 21:25:25.970,0.28308928370896663,0.7843936250881373,0.014290573886835078,-0.6748989953650837,-0.7363173622654889,-0.031015923212335157,0.03723037186062113,-3.1369927282258803,-0.09684327431407318,1.657561683486791,1
2026-01-14 21:25:26.020,0.2817613939357681,0.782329676991019,0.009124722845461786,-0.6801031885721697,-0.731684023539176,-0.0272153614472644,0.03684381485114149,-3.131260561728991,-0.09106036268157948,1.6433647722400324,1
2026-01-14 21:25:26.070,0.28048575570104983,0.7803590342238852,0.0038881130984997625,-0.6820231674727084,-0.7300500963315122,-0.023574851954331195,0.036269577226307,-3.1264855220479064,-0.08521751159638859,1.6381492991826834,1
2026-01-14 21:25:26.120,0.2793542069843551,0.7786497126367078,-0.0010671253356379085,-0.6821814204238716,-0.7300291661943379,-0.02024832216529332,0.035720184539827254,-3.122358602474013,-0.07986448477037672,1.6377648289516364,1
2026-01-14 21:25:26.170,0.2785851107674889,0.7773710809019844,-0.005393201096127592,-0.6823359255107221,-0.7299810970027074,-0.017450301849578808,0.03522456162266277,-3.1189333035737756,-0.07531163643291694,1.637387982100713,1
2026-01-14 21:25:26.220,0.2782688408121042,0.7765995717018866,-0.009006322437741549,-0.6825272295268663,-0.7298700342112349,-0.01524522951286249,0.03484102598907424,-3.116218862242796,-0.07173090747945407,1.6368996903852495,1
2026-01-14 21:25:26.270,0.2781908856244593,0.7758033226798996,-0.012308902138313899,-0.6830038654771696,-0.7294811456834325,-0.013199310938425106,0.03447834140996217,-3.113683419171133,-0.06838625173783068,1.6356270900832826,1
2026-01-14 21:25:26.320,0.2783253401066875,0.7749609175942181,-0.015500274530051261,-0.6846118790407815,-0.7280203033396843,-0.011198148015887924,0.034170374338873814,-3.1110412010483515,-0.06513226393565458,1.631239126437863,1
2026-01-14 21:25:26.370,0.2787736614718877,0.7740187644850397,-0.018580213374333243,-0.6884876663727284,-0.7243984061827585,-0.009161911462013844,0.03387833748689917,-3.108146823344159,-0.06173776541681964,1.6205856964576495,1
2026-01-14 21:25:26.420,0.27952977054321143,0.7729718983470923,-0.02145646822343858,-0.6946585112071484,-0.7185185625345487,-0.007150492851282143,0.03360801322211726,-3.105105999725248,-0.058263221960832404,1.6034977419527665,1
2026-01-14 21:25:26.470,0.2806566593394188,0.771966438695444,-0.02378383816389404,-0.7038209132821469,-0.7095707147379923,-0.00536198175192358,0.033418138257411634,-3.1020913065976723,-0.05500054007392755,1.5778457449834287,1
2026-01-14 21:25:26.520,0.2819583851419496,0.7709682419657289,-0.025697887965257682,-0.7149228555732001,-0.698403742770477,-0.0037273071431747763,0.033220924802166395,-3.0992288070662313,-0.051755813553045794,1.546324480412202,1
2026-01-14 21:25:26.570,0.2833776268496909,0.7700164820823401,-0.027341763051306117,-0.7261525350639508,-0.6867348397628998,-0.002263494630432007,0.03305498855059693,-3.096627108227212,-0.04870656497837657,1.5139179731567076,1
2026-01-14 21:25:26.620,0.28459566048303,0.7691465944047077,-0.028797105082791985,-0.736218711078509,-0.6759442346778363,-0.0009326459490896518,0.03287143494322893,-3.094385278910879,-0.04582781616079964,1.4844012519969327,1
2026-01-14 21:25:26.670,0.2854577151932725,0.7684312923898686,-0.0301439435647759,-0.7438857508562088,-0.6675091087856386,0.00021176542133692825,0.03264252619978029,-3.0926800431745156,-0.04327681605451139,1.461614422269326,1
2026-01-14 21:25:26.720,0.2856639840550275,0.767953474264814,-0.03150729593609555,-0.7476955953479554,-0.6632482569493989,0.0012164092609523998,0.03242786917699918,-3.09142312497632,-0.04120810937177288,1.4502015667093227,1
2026-01-14 21:25:26.770,0.28538797506379443,0.7675323018653522,-0.03328843382976432,-0.7479386119700414,-0.6629845671904496,0.0023208710352089945,0.03215447012871133,-3.0903544006882684,-0.03917411553991229,1.4495142403612187,1
2026-01-14 21:25:26.820,0.2849975732190458,0.766990169955855,-0.03539242834330797,-0.7479531386953132,-0.6629788089375057,0.0036237457692221225,0.03181304264348542,-3.089138900061403,-0.03677024751254917,1.4495255919378631,1
2026-01-14 21:25:26.870,0.2846285027956832,0.7664567661828269,-0.037714616845532206,-0.7479812616399595,-0.6629547346801267,0.0050419870393494095,0.03145839104900967,-3.0877895059286837,-0.03417500688273107,1.4494972402030162,1
2026-01-14 21:25:26.920,0.28429046710779277,0.7659337310344674,-0.039971040169030275,-0.748010439705766,-0.6629272341521995,0.006401175678853631,0.03109484298770431,-3.086531702105068,-0.03165623099087528,1.4494652008100057,1
2026-01-14 21:25:26.970,0.28401017363227377,0.7655690577225174,-0.04167937904416846,-0.7480187899255686,-0.6629195395827602,0.0074401211836546246,0.030825615232171515,-3.0855578805822512,-0.02974348978530638,1.4494807853614826,1
2026-01-14 21:25:27.020,0.2838919312468201,0.765414557139882,-0.04234147185404896,-0.748027953986367,-0.6629084517245614,0.007843820991587787,0.030741489218424442,-3.0851484654939947,-0.029026867277218052,1.449466158839081,1
2026-01-14 21:25:27.070,0.28393880068860455,0.7655223979748349,-0.04218406019809812,-0.7480086581964995,-0.6629302681083671,0.007707420716670563,0.03077503135233797,-3.085279831115378,-0.029277147025742092,1.449519296590856,1
2026-01-14 21:25:27.120,0.2839253239625278,0.7655210671448482,-0.042176187703363066,-0.7479973153814317,-0.6629435487609042,0.007708621720381215,0.030764337952276614,-3.0852947841981573,-0.029262157941951625,1.4495548800358624,1
2026-01-14 21:25:27.170,0.2839371759890207,0.7655331467428497,-0.04218827204071923,-0.74798973714458,-0.6629523541674516,0.007697364238066322,0.03076166143111649,-3.0853140608860943,-0.02927611469077023,1.4495780135012941,1
2026-01-14 21:25:27.220,0.28390614865635216,0.76546960732855,-0.04224772281339645,-0.7480028006742256,-0.6629373759082067,0.007763758938384277,0.030750119586801534,-3.085242770388495,-0.02916031275862153,1.4495404651588606,1
2026-01-14 21:25:27.270,0.2838904370460114,0.7654866152639818,-0.04222997889133592,-0.7479901719396111,-0.6629516357677412,0.007756115468683826,0.030751812750858712,-3.085250919353396,-0.02917507156610381,1.449578283395924,1
2026-01-14 21:25:27.320,0.28391911142893994,0.7655138960538163,-0.042203254428666626,-0.747998794422322,-0.6629417914524851,0.00772223942953985,0.030762829952972692,-3.0852789259017173,-0.02923964589263067,1.4495506873961475,1
2026-01-14 21:25:27.370,0.2839384156477965,0.7655559218012147,-0.042166264954695915,-0.7479766438627824,-0.6629656537025247,0.00769387322253421,0.03079426182567024,-3.085270352293715,-0.02932560401258915,1.4496132726076167,1
2026-01-14 21:25:27.420,0.28394126364170613,0.7655414217353572,-0.04217423347986435,-0.7479759468512749,-0.6629675570145067,0.007689868338090818,0.030771207371479734,-3.0853102852518246,-0.029301143856086644,1.4496183225660908,1
2026-01-14 21:25:27.470,0.28395411652245134,0.7655313331519541,-0.04216338868621358,-0.7479725200718222,-0.6629725180012516,0.007682088867498093,0.030749554519043456,-3.085353240376519,-0.029284421864618215,1.4496313999937778,1
2026-01-14 21:25:27.520,0.2839429836657314,0.7655280471591623,-0.04218135800504025,-0.7479750778760589,-0.6629684630589922,0.007701387780082131,0.030769928367843424,-3.085296968360849,-0.029282276498112485,1.44962116875609,1
2026-01-14 21:25:27.920,0.28084994517551337,0.7608605987915249,-0.04577195274938839,-0.7480847944173271,-0.6628356932861503,0.011395759018416494,0.0298013547317594,-3.0818471457409884,-0.02245870311972878,1.4494301043815856,1
2026-01-14 21:25:27.970,0.2792913607776253,0.7585728286695812,-0.04754267089305589,-0.7481057175893701,-0.662798965395026,0.013218103522497755,0.02933681169870647,-3.0801267740871396,-0.019112902887765647,1.449430863562638,1
2026-01-14 21:25:28.020,0.27802195191289103,0.7566577465591315,-0.04901472068382652,-0.7481348312296062,-0.6627508902872402,0.014738454194399042,0.028953578232729416,-3.0786845834273446,-0.01632604286555759,1.4493941222133544,1
2026-01-14 21:25:28.070,0.2772914409496479,0.7555960987751112,-0.049961083644791765,-0.7481474020225548,-0.6627268993241012,0.015651109042873257,0.02869781428771877,-3.077857493200876,-0.014619474584302046,1.4493891541733213,1
2026-01-14 21:25:28.120,0.27744171961253694,0.7557468999142264,-0.050234978550929274,-0.7481765863988162,-0.662692774226399,0.015714611233138737,0.028690304050761496,-3.0777839021521944,-0.01451161531244953,1.4493022184037287,1
2026-01-14 21:25:28.170,0.27769279056943774,0.7561277933720814,-0.050337821421322704,-0.7481556512004615,-0.6627171950410332,0.015616843666026808,0.02872551422811562,-3.0778612188242893,-0.01470665487955094,1.4493609206754519,1
2026-01-14 21:25:28.220,0.2778776957059761,0.7564043746641946,-0.050815121661331786,-0.7481635354412624,-0.6627062126093661,0.0157658685701752,0.02869211378076834,-3.077713500344637,-0.01443848983336377,1.4493414897857904,1
2026-01-14 21:25:28.270,0.2775958831019977,0.7559372981251549,-0.0525613511710953,-0.748188443416478,-0.6626641214312995,0.016843976738504237,0.02840062945331313,-3.076720305452772,-0.012435539363994687,1.4493032064923903,1
2026-01-14 21:25:28.320,0.2771848613317017,0.7549624345863087,-0.055994682053611286,-0.7483030991201589,-0.6624994714863598,0.018997930096763174,0.027856790545540713,-3.0746774420289293,-0.008477899648402353,1.4490241778109054,1
2026-01-14 21:25:28.370,0.2769030699732469,0.7534645233670877,-0.06121669507170317,-0.7486000421679972,-0.6620991785782628,0.02218696099605489,0.027025790530931747,-3.0716925615814445,-0.0025691903738883945,1.4482244031984723,1
2026-01-14 21:25:28.420,0.27694412309136146,0.7511781100963308,-0.06840519980217624,-0.749194249993665,-0.6613106297566135,0.02653542827010714,0.02592484896509555,-3.0675821820855558,0.005471651473822928,1.4465467812380468,1
2026-01-14 21:25:28.470,0.2780509936629359,0.7484017451747527,-0.07645375461517226,-0.7502562244990153,-0.6599495346031163,0.0311005742287773,0.02479846084444632,-3.06324490552384,0.013935784479589394,1.4434412722796297,1
2026-01-14 21:25:28.520,0.28005661208166366,0.7454374564321783,-0.08389712349480584,-0.7516159866009213,-0.6582137955002516,0.0355607021253378,0.02373698724416662,-3.058983088144971,0.02220978536420556,1.4394062309791682,1
2026-01-14 21:25:28.570,0.28244330998038464,0.7440497890428128,-0.08940956685993601,-0.7527890461050858,-0.656732257004024,0.03845391866900321,0.02308009561490801,-3.0561997220874884,0.02758398880570698,1.4358882305286955,1
2026-01-14 21:25:28.620,0.28496846762632666,0.7454047117632315,-0.09197258083598077,-0.7533386349532183,-0.6560852596827268,0.038769790944895965,0.023020348041675867,-3.0558969359925356,0.028210682458153606,1.4342198814002434,1
2026-01-14 21:25:28.670,0.28725878282382306,0.7477879972641446,-0.09239464543022666,-0.7535482148772785,-0.6558896761564267,0.037856639952787964,0.02325285741946182,-3.056757200275764,0.026554109202286232,1.433566571314053,1
2026-01-14 21:25:28.720,0.28919428164709277,0.7505677718063718,-0.0912728511658211,-0.7535657164369752,-0.6559517334223842,0.03609214534155738,0.023735868967485706,-3.05835158345331,0.0232585348677292,1.4334788036833352,1
2026-01-14 21:25:28.770,0.29056117353395916,0.7524765248660764,-0.08992962376052785,-0.7535758782312035,-0.6560080396138124,0.034585397779942545,0.024097675624763098,-3.0597888086081513,0.020510343118655093,1.4334212381167604,1
2026-01-14 21:25:28.820,0.2908575120468365,0.75286270314714,-0.08967863163799131,-0.753592972117398,-0.6560011875088967,0.034298584707878436,0.02415950018565043,-3.0600734295590244,0.019998356133976408,1.4333646195699306,1
2026-01-14 21:25:28.870,0.29054018142217186,0.7524280166423537,-0.09007950516176119,-0.7535703836390842,-0.6560089959179077,0.034712997299196566,0.0240599666526755,-3.0596776240193635,0.02075175362688762,1.4334409401606953,1
2026-01-14 21:25:28.920,0.29020626101864583,0.7519241066377632,-0.09056135191695516,-0.7535878112668739,-0.6559685934599782,0.035164894732376425,0.023959242112411218,-3.059235532321915,0.02156832361038022,1.433395274758084,1
2026-01-14 21:25:28.970,0.29008747144192154,0.7516890081868013,-0.09096267174666238,-0.7535973924030415,-0.6559447279888482,0.03546488655825077,0.023868929770372808,-3.0589773435843757,0.02214090371299511,1.4333731044193598,1
2026-01-14 21:25:29.020,0.2900570709606009,0.7515549401942939,-0.09135162458315155,-0.7536330305837947,-0.6558932199417291,0.03570213709066757,0.023805391295142968,-3.058762229709324,0.02258695053385612,1.4332693613948073,1
2026-01-14 21:25:29.070,0.2899449960501696,0.7513861293960142,-0.09189261801145616,-0.753626101188931,-0.6558850526233093,0.03605341073418271,0.023720221890240523,-3.0584282697136813,0.023228193501873207,1.4332965963771012,1
2026-01-14 21:25:29.120,0.28981055515663456,0.7511827009317488,-0.092636700900615,-0.7536298453414413,-0.6558602072788778,0.03649686516953103,0.023609818964572083,-3.0580114335144066,0.02404308855132367,1.433293086461965,1
2026-01-14 21:25:29.170,0.2895976808096886,0.7508687703037679,-0.09368250134954845,-0.7536280541872776,-0.6558297695923959,0.037164275554749125,0.023470958241478546,-3.0573426107207373,0.025232852599689905,1.433307686068755,1
2026-01-14 21:25:29.220,0.2893345425716027,0.7504925538309425,-0.09496064315293753,-0.7536433770430265,-0.6557741360923104,0.037955503200659955,0.023266337235400378,-3.0566106359195033,0.026698074379008487,1.4332750886090166,1
2026-01-14 21:25:29.270,0.2891300620911877,0.7501703500795199,-0.09617274252408853,-0.7536305352387932,-0.6557531274902568,0.038679648228702436,0.023081095193709284,-3.055936499236622,0.028032998749703348,1.4333264694058432,1
2026-01-14 21:25:29.320,0.28896235992276376,0.7499138223088038,-0.09700831330770894,-0.7536323625620346,-0.6557251371689505,0.0392037067020467,0.02293198562591387,-3.0554717338602897,0.029020278560798484,1.4333308672329812,1
2026-01-14 21:25:29.370,0.288860694727162,0.7497985369200125,-0.09741398133786093,-0.7536181008412687,-0.6557277919804343,0.03946584749355319,0.02287504733283168,-3.055211955722349,0.0294890192814858,1.4333776581122164,1
2026-01-14 21:25:29.420,0.28885916048256866,0.7497856543584517,-0.09745296420540633,-0.7536271938368213,-0.6557165769852777,0.03947649821964835,0.02287858091453256,-3.0551930201886854,0.029501674896209782,1.4333495961950131,1
2026-01-14 21:25:29.470,0.28888304182746266,0.749793471805412,-0.09741871648662001,-0.7536368315916314,-0.6557060739119414,0.03946409791049539,0.022883524195930937,-3.055202319104516,0.0294777326681426,1.4333198942480911,1
2026-01-14 21:25:29.520,0.28895097715691015,0.7498218050582048,-0.09739749990459215,-0.7536587672459488,-0.6556817874725831,0.039433360913123945,0.022909958035110464,-3.0552039003937788,0.029399546862672994,1.4332509815929027,1
2026-01-14 21:25:29.570,0.2889887797090843,0.749777961184528,-0.09743465404250863,-0.7536777464398777,-0.6556589489359441,0.03945909714631538,0.022894908908271006,-3.0551935698540857,0.0294606444484941,1.4331943381347594,1
2026-01-14 21:25:29.620,0.28898672425078487,0.7496962623283769,-0.09757796626074197,-0.7536843842670795,-0.655646331322889,0.039562797322656135,0.022858744558620265,-3.0551119300980187,0.029665572050367562,1.4331766302154472,1
2026-01-14 21:25:29.670,0.28893391854577916,0.7496054782242795,-0.09789670227056047,-0.7537040622742875,-0.6556126831716383,0.0397639026109136,0.0228260426896986,-3.0548974939295332,0.03001485015436272,1.4331182858700215,1
2026-01-14 21:25:29.720,0.2888131043353032,0.7494542378498332,-0.09847920599842097,-0.7536848181090872,-0.6556173259782961,0.04010464841414312,0.02273178401531922,-3.0545903171629547,0.030650625340584613,1.4331828859416238,1
2026-01-14 21:25:29.770,0.2886504802383541,0.7491659048420343,-0.09939948083654111,-0.7536935478201805,-0.6555774319257875,0.04067819446457319,0.022573241214348096,-3.0540749646051144,0.031726092420543126,1.4331661666067466,1
2026-01-14 21:25:29.820,0.28842235761544327,0.748813647050418,-0.1006164666216964,-0.7537005737406073,-0.6555281530567234,0.04143363890261961,0.0223950722349352,-3.053349706536781,0.03310195900384642,1.4331547774628404,1
2026-01-14 21:25:29.870,0.288114590511432,0.7484295060480934,-0.10208310152275794,-0.7536794478052238,-0.6555028747321,0.04232129405838252,0.02218511309842096,-3.0524968268190777,0.03471554084224483,1.4332304416968014,1
2026-01-14 21:25:29.920,0.2878432871321423,0.748037775373162,-0.10373182331326058,-0.7536763312662995,-0.6554510351083151,0.04330194418798376,0.021928745836238862,-3.0515922673171305,0.036532988523506255,1.4332538152984284,1
2026-01-14 21:25:29.970,0.28779427658120643,0.7480243780947209,-0.10496655412093694,-0.7536581106509497,-0.6554373078078272,0.04388867983966091,0.021798430347169082,-3.0510152756361633,0.03758796048113127,1.4333154061415656,1
2026-01-14 21:25:30.020,0.2881718372768958,0.7485270742632254,-0.10525454259743455,-0.7536645509465638,-0.6554343017121759,0.0438090996933347,0.02182621290206714,-3.051078532091428,0.03743217451704415,1.4332941522633145,1
2026-01-14 21:25:30.070,0.2886021155811276,0.7491143612364112,-0.10491010650780995,-0.753679107398485,-0.6554435027141216,0.04337375478498002,0.021916551204937258,-3.0515162746518976,0.036657872991248855,1.4332458079853143,1
2026-01-14 21:25:30.120,0.2888944598615623,0.7495330344753303,-0.10464709350937501,-0.7536792115810228,-0.6554607851652268,0.043068819566011766,0.02199731625409918,-3.0517959405231108,0.03609122633590165,1.4332411793576683,1
2026-01-14 21:25:30.170,0.28893309836459324,0.7495732197721553,-0.10463047022211859,-0.7536862690671032,-0.6554549371890595,0.04303139491915348,0.02200300401100766,-3.0518370163244106,0.03602818152481134,1.4332194952769888,1
2026-01-14 21:25:30.220,0.2889114344471061,0.7495776248887738,-0.10463468385802953,-0.7536835684805971,-0.6554563358527931,0.04304988957522591,0.022017661100680357,-3.051790431514146,0.03603655706391114,1.433226374453654,1
2026-01-14 21:25:30.270,0.2889189203408446,0.7495690944558555,-0.10462807887507376,-0.7536760947470366,-0.6554662789878719,0.043037573432329335,0.02200155880173313,-3.0518305045763454,0.03603802094138805,1.4332505600678414,1
2026-01-14 21:25:30.320,0.2889242119308922,0.7496125105478723,-0.10463624580981473,-0.7536569448978429,-0.6554891303807067,0.04301697487035878,0.02201702143792302,-3.0518332647110276,0.0359840123891256,1.4333077726022805,1
2026-01-14 21:25:30.370,0.2889484237240978,0.749621023611515,-0.10461886279078485,-0.7536735605138909,-0.6554696427952063,0.043023888205573846,0.02201491766765045,-3.0518282444308458,0.03599948874741098,1.4332572820499705,1
2026-01-14 21:25:30.420,0.2889886920329617,0.7497075075581492,-0.10459990421460112,-0.7536578787431345,-0.6554904810603208,0.04297468569996892,0.022027424649673957,-3.0518733029417096,0.035906601705734384,1.43330438818041,1
2026-01-14 21:25:30.470,0.2891971878733193,0.7500079268993386,-0.10446021845251297,-0.7536630031880205,-0.6554974899606548,0.04275318161329843,0.02207450436216754,-3.0520941918208395,0.035510880965068756,1.433286543967668,1
2026-01-14 21:25:30.520,0.28960042147184023,0.7506026127017684,-0.10441082705676157,-0.7536521755952617,-0.6555252086128937,0.04248295568426936,0.02214266401948447,-3.052346576283981,0.03501174764587514,1.4333158640788588,1
2026-01-14 21:25:30.570,0.290318153568196,0.7516723826336196,-0.10453002352029873,-0.7536495801853464,-0.6555513453560458,0.04205941986522296,0.022265423618931333,-3.052718897650246,0.03421054415775231,1.4333165921185733,1
2026-01-14 21:25:30.620,0.2912327060704551,0.7529615692073582,-0.10500523681371149,-0.7536350777403433,-0.6555867061019968,0.04172279104921717,0.022348357628795248,-3.053036233040299,0.033591262311170246,1.4333561829634673,1
2026-01-14 21:25:30.670,0.2921948895716986,0.7543283536133658,-0.10594318623548246,-0.7536528736287784,-0.6555747822501649,0.0415626274497029,0.02239640480547404,-3.0531755257534337,0.033288698553950925,1.4332990518119377,1
2026-01-14 21:25:30.720,0.2928255372096784,0.7552791085013394,-0.10750455756157445,-0.7536597293391374,-0.6555485066412755,0.04189743148940882,0.022310828031301133,-3.0528641991860344,0.03390765081711217,1.433283026014331,1
2026-01-14 21:25:30.770,0.2928698466434943,0.7553513399045441,-0.10943770403957909,-0.7536425963116824,-0.6555171296069195,0.04280149594010791,0.02209438303688046,-3.0519995297489912,0.0355550587084899,1.4333466968229918,1
2026-01-14 21:25:30.820,0.2924957910994533,0.7548187139409814,-0.1110237849574337,-0.7536401225853355,-0.6554629508420585,0.04379005429304493,0.02184758220018661,-3.051070008346529,0.037372021152094606,1.4333669733166159,1
2026-01-14 21:25:30.870,0.2923181256357378,0.7545527428662637,-0.11195652175297792,-0.7536306153871857,-0.6554400512172899,0.044361376570582624,0.021709515889844547,-3.050525380698506,0.03841505822849654,1.4334026092167884,1
2026-01-14 21:25:30.920,0.29230263067497364,0.7545188766125137,-0.11208050640198558,-0.7536311196024029,-0.6554362545247238,0.044419612309077164,0.021687550893116407,-3.0504818415614254,0.038531924134963154,1.4334023776673315,1
2026-01-14 21:25:30.970,0.29229574721103535,0.7545321458430765,-0.11205779826968894,-0.7536287039622245,-0.655439786379781,0.04441202542569385,0.021680290409324485,-3.0505026310726024,0.038529636872850076,1.4334103827914064,1
2026-01-14 21:25:31.020,0.29231278668899224,0.7545190164458978,-0.11204787401820432,-0.75363620919758,-0.6554312647219546,0.04441340095485484,0.021674206488449616,-3.0505104287832916,0.038540729738575676,1.433387999630195,1
2026-01-14 21:25:31.070,0.2923030922998925,0.7545313848466779,-0.11205996132961503,-0.7536327407326414,-0.6554351556196152,0.04441532347502956,0.02167320729164874,-3.0505092003135403,0.03854446332024088,1.4333986303839912,1
2026-01-14 21:25:31.120,0.2923325985885109,0.7545848981993246,-0.11198158859050227,-0.7536291947457647,-0.6554430483110428,0.04434763642936944,0.021696414236156543,-3.0505631331635126,0.03841126408799797,1.4334081049068323,1
2026-01-14 21:25:31.170,0.2924834968224535,0.754751640991453,-0.11183175047087326,-0.7536518702931547,-0.6554268540342096,0.04419141442328985,0.021716728706642652,-3.0507395094395515,0.038151684523549056,1.433338639879464,1
2026-01-14 21:25:31.220,0.29268224147918587,0.7550549110816037,-0.11161871198914664,-0.7536384073712821,-0.6554548530122157,0.04396486607915245,0.021798558398533816,-3.0509136572018725,0.03770021147687561,1.433374815512618,1
2026-01-14 21:25:31.270,0.2929069603485909,0.7554024646564512,-0.11133038642920294,-0.7536545452512624,-0.6554540331659994,0.043666173435099265,0.021865546553277045,-3.0512068343701944,0.03716325263089696,1.433322540516238,1
2026-01-14 21:25:31.320,0.29321826428987124,0.7558345901447273,-0.11104395913076841,-0.7536514184328397,-0.6554771231270782,0.043335442349521865,0.021939006075700047,-3.0515313224717353,0.036566750538329675,1.433328605026922,1
2026-01-14 21:25:31.370,0.2934392359988293,0.7561559704696564,-0.11080700327753364,-0.753632922392996,-0.655513145559788,0.043078286608250485,0.022004442883251894,-3.051770197506543,0.03608986078020198,1.4333815182404481,1
2026-01-14 21:25:31.670,0.2964352677902421,0.7604105304344939,-0.10662532721565492,-0.7536745512159243,-0.655676838087486,0.03917147038408356,0.022981530693596278,-3.0554413212696403,0.028912193819373277,1.433198257038142,1
2026-01-14 21:25:31.720,0.29618144782591505,0.7600448764020592,-0.10690209629965677,-0.7536910783320157,-0.6556420915336745,0.03948078091915572,0.022901401487376072,-3.0551558461114916,0.029486651886168523,1.4331530378968005,1
2026-01-14 21:25:31.770,0.2960484550650201,0.7598627888515112,-0.10702914330927724,-0.7536843019121481,-0.6556416552010256,0.03963081670902825,0.022877748653067367,-3.0549937710441224,0.029743424194320415,1.4331748048713453,1
2026-01-14 21:25:31.820,0.29602137705271525,0.7598808865729993,-0.1070444626603744,-0.7536691106774464,-0.655658920032551,0.03963639865546097,0.022873742458141454,-3.0549917782816545,0.029755102594796877,1.4332213815656307,1
2026-01-14 21:25:31.870,0.2961476790129656,0.76006687761174,-0.10672228202506961,-0.7536696143479258,-0.6556713784046209,0.03938479772371946,0.022934551617481144,-3.0552312136451256,0.029295382610309412,1.4332161010916613,1
2026-01-14 21:25:31.920,0.29610780332656694,0.7600328968203319,-0.10669263633597799,-0.7536674394751735,-0.6556723155035714,0.03940553999492671,0.022943599866393917,-3.055190181517121,0.029314576729992742,1.433221806597354,1
2026-01-14 21:25:31.970,0.29617017136825535,0.7600642175972171,-0.10668162858848525,-0.7536684771218037,-0.6556734197938818,0.03937112697121126,0.0229370340217313,-3.0552454099954343,0.029271327358225272,1.433219431190523,1
2026-01-14 21:25:32.020,0.2961464087520024,0.7600507251131772,-0.10668283973774727,-0.7536574077235081,-0.6556868190316688,0.03937333459191154,0.02291391836258005,-3.055276859607906,0.029303495691982737,1.4332551446828534,1
2026-01-14 21:25:32.070,0.296139126582166,0.7600508748092472,-0.10669433428604184,-0.7536611235390366,-0.6556813341670102,0.039393058281934804,0.02291475179971544,-3.0552498139799797,0.029332689223742162,1.4332436355188416,1
2026-01-14 21:25:32.120,0.29615968155260747,0.760101434358148,-0.10665696148958599,-0.7536605913866844,-0.6556838438373122,0.039346559585226724,0.022940317569876738,-3.0552724376890774,0.02922887318421915,1.433243308660291,1
2026-01-14 21:25:32.170,0.2961617485905497,0.7600695533358891,-0.10666611984376502,-0.7536668259262232,-0.6556770034153295,0.039349593140318266,0.02292579792019231,-3.0552906116567393,0.02925330106563165,1.4332255726007508,1
2026-01-14 21:25:32.220,0.29614568182407747,0.7600676428465515,-0.1066695289766376,-0.7536644251745132,-0.6556779776958921,0.03936963110608599,0.022942448377771773,-3.055239035855325,0.0292614400665226,1.4332313065543152,1
2026-01-14 21:25:33.320,0.29836908361012787,0.7637846075280393,-0.10166459010058987,-0.7535372499568372,-0.6560179414100197,0.035345057635730204,0.023933248345640954,-3.059036017899066,0.021868097334410037,1.433550778075905,1
2026-01-14 21:25:33.370,0.3000032624892543,0.7661319499608842,-0.09802434207444005,-0.7535436026388799,-0.6561287890241194,0.03255882718140993,0.02463684046974558,-3.0616408769348826,0.01673989306743068,1.433476113284612,1
2026-01-14 21:25:33.420,0.3019853401159582,0.769064144382531,-0.09349432174316501,-0.7534894975889528,-0.6563205571377695,0.029095899228364214,0.025501606804443702,-3.0648904848324303,0.010372637411810093,1.4335651309452424,1
2026-01-14 21:25:33.470,0.30404151259762224,0.7720480309478328,-0.08853392997242385,-0.7534700245367301,-0.6564595633002671,0.025410977703828056,0.026420561848260457,-3.0683499492818087,0.003604766808822505,1.433534575776662,1
2026-01-14 21:25:33.520,0.3059089428490283,0.774853255990876,-0.08342018204640086,-0.7534016248427332,-0.6566323246830632,0.021740551644703135,0.027337342223225477,-3.071792550692066,-0.0031424364530679406,1.4336433830523436,1
2026-01-14 21:25:33.570,0.3076208545606966,0.7775498075840058,-0.0780704472640813,-0.7533113421740887,-0.6568090527892907,0.018013804620357364,0.028273534780911463,-3.07527994148782,-0.010000787229662222,1.433806695982108,1
2026-01-14 21:25:33.620,0.30932559973271806,0.7802326253291452,-0.07223610970630276,-0.7531860102640202,-0.6570061172132886,0.014065254035162228,0.029256871258084984,-3.078988804398908,-0.017257238190771212,1.4340600784025197,1
2026-01-14 21:25:33.670,0.31086591899402277,0.7828704824911316,-0.06604251391623399,-0.7530185315297228,-0.6572267333847811,0.009980949468555012,0.030273631181210944,-3.0828281258371755,-0.024764130706821225,1.4344255516527398,1
2026-01-14 21:25:33.720,0.3121573894748968,0.785413189505061,-0.05963018479596441,-0.7527599070425369,-0.6575251192586837,0.005835888608407511,0.03129188868246,-3.0867514079355387,-0.03237001242530512,1.4350556503898426,1
2026-01-14 21:25:33.770,0.312821084214356,0.7876318538182355,-0.05335861729752167,-0.7523756952717428,-0.6579408200636642,0.0019793317041410705,0.03226100904063274,-3.090381011643674,-0.03948352535368944,1.4360644645940595,1
2026-01-14 21:25:33.820,0.3129492991963756,0.7895762909487093,-0.047048016843466045,-0.7517611468960714,-0.658596652494919,-0.001755172814795759,0.03320461878083576,-3.093911322876189,-0.04639248268501671,1.4377668599053137,1
2026-01-14 21:25:33.870,0.3125246835535256,0.7915952911008204,-0.0404635011310919,-0.7505487324110901,-0.6599079169417755,-0.005609128476705622,0.034156684725017816,-3.0976460942904063,-0.05352593707456163,1.4412693017019873,1
2026-01-14 21:25:33.920,0.3116367447623196,0.7937832017236122,-0.03372678295827489,-0.749344415267399,-0.6611782615889615,-0.009506314995687996,0.035155137390732644,-3.1013917592310594,-0.060772034067388646,1.4447246350850558,1
2026-01-14 21:25:33.970,0.30986837108358656,0.7964085181405246,-0.026302220273759086,-0.7475469527670418,-0.6630760173781379,-0.013780190295068481,0.03624713701920951,-3.1055816318197347,-0.06872598205127102,1.4499370892035375,1
2026-01-14 21:25:34.020,0.30729069797973213,0.7992573125716921,-0.019101526288284126,-0.7445973775751336,-0.6662285438503066,-0.01796866161843888,0.03730147271859924,-3.1098878562484833,-0.07653614847505294,1.458600015968066,1
2026-01-14 21:25:34.070,0.3037394084643049,0.8022050305660018,-0.012293867092271205,-0.7398902379912985,-0.6712806221379145,-0.02193383760139476,0.03825792513179285,-3.114327526766218,-0.08391933723103503,1.4724901989198416,1
2026-01-14 21:25:34.120,0.29954923767011177,0.8050898195561051,-0.006450397049021728,-0.7341111396311378,-0.6774307027448652,-0.025385040886526343,0.039039433234351745,-3.1185715085257373,-0.09028651808124535,1.4894894842674762,1
2026-01-14 21:25:34.170,0.29524261681373126,0.8075504697874393,-0.0023113536903687504,-0.7271799202166217,-0.6847401203082987,-0.027920404332330683,0.03950673734749397,-3.1222840952286575,-0.09485217680890269,1.50978154165952,1
2026-01-14 21:25:34.220,0.2905728037081187,0.8097748938447596,0.00045738063501193915,-0.7180214922862453,-0.6942498523326147,-0.029775879542049,0.039694787424466256,-3.125856833115533,-0.09803258998916208,1.5363631509179174,1
2026-01-14 21:25:34.270,0.28642529571936354,0.8115405301715245,0.0016461921603291019,-0.7073336746002635,-0.7050970075202403,-0.030857013918592406,0.03956169175501254,-3.1290780407757226,-0.09960669721107739,1.5670054182086344,1
2026-01-14 21:25:34.320,0.2830045272319067,0.8126942406380044,0.0015983431599869147,-0.6959744969470071,-0.7163138748334745,-0.031283070475228436,0.039182927686118335,-3.1318201865770385,-0.09984479717752819,1.5991094957213365,1
2026-01-14 21:25:34.370,0.2804965105413603,0.8136004227171441,0.0016169867672829463,-0.6851812356704333,-0.7266438721394479,-0.03176691228662066,0.038810058633064505,-3.1345399060186305,-0.10010145772734831,1.629162379453006,1
2026-01-14 21:25:34.420,0.278493541526967,0.8142966301693432,0.0016485048777653555,-0.67610301743091,-0.7350965498879357,-0.03218027058455132,0.03849938114797806,-3.1368207768663847,-0.10028388622580194,1.6541158420022022,1
2026-01-14 21:25:34.470,0.2767756618467242,0.814934811284471,0.0017193107084093329,-0.669660325228279,-0.7409674916938928,-0.032494841740307014,0.03829243173642838,-3.138446189915735,-0.1004366812382283,1.6716521030707945,1
2026-01-14 21:25:34.520,0.2751416069360644,0.8154688249336225,0.0017139725188643762,-0.6674002057267397,-0.7430039697328477,-0.03251814123405789,0.03827057417673603,-3.138817299317207,-0.10044441884323413,1.6777629666449723,1
2026-01-14 21:25:34.570,0.2734228970410083,0.8160786521443133,0.0017626649742699396,-0.6666145624824054,-0.7437063978586843,-0.03252443224858072,0.03831422943710773,-3.1388745394357382,-0.1005207941865724,1.6798761401041589,1
2026-01-14 21:25:34.620,0.2713805479341543,0.8167698858542796,0.00188985480987508,-0.6656807714840967,-0.7445391817672828,-0.032533401674518556,0.03836789106958189,-3.138942497099953,-0.10061619706151852,1.6823849914025366,1
2026-01-14 21:25:34.670,0.26884538127915664,0.8176943746413501,0.0023519144617396848,-0.6644902135751348,-0.7455880402507895,-0.03273411242926059,0.03846697520377162,-3.139271281361458,-0.10103584001357742,1.685578375963436,1
2026-01-14 21:25:34.720,0.26574240973446545,0.8189035316883546,0.0034051501212551682,-0.6630003345125547,-0.7468802508553677,-0.03327786736600411,0.03863975753074241,-3.140057490081626,-0.10202190789272951,1.6895665382174871,1
2026-01-14 21:25:34.770,0.2618834937670782,0.8205573302693181,0.005346541863250759,-0.661063033022151,-0.748533859133282,-0.034306431219732605,0.0389332361813927,-3.1414764320011535,-0.10382957465200218,1.6947389307231098,1
2026-01-14 21:25:34.820,0.2567345302166488,0.8226623377204995,0.008121993590040316,-0.6585086288090104,-0.750691873194586,-0.03575129853664505,0.03936930221155192,3.139755898497165,-0.10639411909570405,1.7015385503698814,1
2026-01-14 21:25:34.870,0.2501853966039887,0.8248622533295465,0.011405310327674001,-0.6553525204984693,-0.7533449021762926,-0.03735509565670113,0.0398638817700221,3.1375357085712574,-0.10924116075655566,1.7099191961844782,1
2026-01-14 21:25:34.920,0.24235533965772801,0.8265660902131452,0.01446729420474302,-0.6518147669206606,-0.7563218475236453,-0.03859992769518236,0.04030903328673892,3.1357162223337185,-0.11152425049851297,1.7192858745907484,1
2026-01-14 21:25:34.970,0.2338538405451351,0.8274922623059812,0.016899284120048375,-0.6481814348005365,-0.7593869000943883,-0.03923692000192725,0.04065498313510817,3.1346601060200494,-0.1128503858503916,1.7288711320086998,1
2026-01-14 21:25:35.020,0.22524449048850934,0.8272837332727292,0.018208379442697736,-0.6447611436539462,-0.7622985185839148,-0.03897293215375168,0.04080620979904094,3.1347516960201776,-0.11270796279126974,1.7378633497425777,1
2026-01-14 21:25:35.070,0.21716156565933975,0.825985878460577,0.01809846338704782,-0.6418166662179923,-0.7648456065670436,-0.037746083102092175,0.04071606919096553,3.1360833956210192,-0.1109627124359149,1.7455815221776019,1
2026-01-14 21:25:35.120,0.21018791563800954,0.8239009069507635,0.016761969759888223,-0.6394853700982779,-0.76690534366719,-0.03578000837839724,0.04042828570963051,3.138400893861664,-0.10798063728857994,1.751676836380251,1
2026-01-14 21:25:35.170,0.20450935262648148,0.8214684387216887,0.014604445787792325,-0.6376767988936625,-0.7685397212748462,-0.03339403648547561,0.03999794123101996,3.1412731499653463,-0.10425799117547857,1.7563990777080132,1
2026-01-14 21:25:35.220,0.20024119660874617,0.8193604685903801,0.012370638409084866,-0.6359447212770167,-0.7700863127349358,-0.031241472886331625,0.03956453955375578,-3.139376936388797,-0.1008427494354727,1.7609176021672859,1
2026-01-14 21:25:35.270,0.1971235368115116,0.8182253705452798,0.010948970808964342,-0.6328228018977519,-0.7727209805059486,-0.029986896099894106,0.03922210787933618,-3.1382782263576807,-0.098728586466802,1.7690453558098567,1
2026-01-14 21:25:35.320,0.19469986446109974,0.8183105839724327,0.010573026656483991,-0.6263808358681011,-0.7779693307671296,-0.029855495492873193,0.03897971564542995,-3.1392021582186516,-0.0982096652152577,1.785730386821398,1
2026-01-14 21:25:35.370,0.19206250780209222,0.8190025216823911,0.010717980486923212,-0.6148679230102175,-0.7870945577538359,-0.03040279437078675,0.0386686501166305,3.14128363538829,-0.09841797829063567,1.815280311866043,1
2026-01-14 21:25:35.420,0.18885222704184595,0.8197464168767391,0.010775354835675877,-0.598712231833619,-0.7994503150885173,-0.031077234963185298,0.038171489684323885,3.1375913506656143,-0.09840379580666894,1.856189974336609,1
2026-01-14 21:25:35.470,0.1851315353742398,0.8205725694822638,0.010773386554264075,-0.5802370677112975,-0.8129600536752702,-0.031750226389021446,0.037587491354743305,3.1335498646910898,-0.09811692622022684,1.9022196728368157,1
2026-01-14 21:25:35.520,0.18108625723536775,0.8214586380159254,0.010752852625996678,-0.5612555028348075,-0.8261795979028496,-0.03241648956070223,0.03699599642250595,3.129499449021851,-0.09767377112062738,1.948735540021429,1
2026-01-14 21:25:35.570,0.1770243845690593,0.8223188887080701,0.010708068816729172,-0.5432955343370554,-0.8381010263650482,-0.032991649574167864,0.03644424554907912,3.125817029311986,-0.09708880944780869,1.992076880444559,1
2026-01-14 21:25:35.620,0.1731010961867339,0.8231296348819895,0.010697666229963682,-0.5270253066099699,-0.8484269951737662,-0.03351327139550875,0.03595581585018141,3.1225349863125476,-0.09648609146728317,2.030818508510757,1
2026-01-14 21:25:35.670,0.16937308399245482,0.8237472257708872,0.010577684782547697,-0.5127205493920474,-0.8571524850794335,-0.0338327233101181,0.035533116760138594,3.119929240638927,-0.09575432338185003,2.064489061629521,1
2026-01-14 21:25:35.720,0.16589611815251748,0.8240130332064416,0.010251069161987064,-0.5011925822682896,-0.8639576366781677,-0.0338460888226613,0.03518010483394964,3.118266524796557,-0.09485724641454278,2.091363991663333,1
2026-01-14 21:25:35.770,0.16230416351265722,0.8237843753362818,0.009548077205885908,-0.49163249400378867,-0.8694620262543085,-0.033428678001318136,0.034868312669974505,3.1176402977897983,-0.09363937981539398,2.1134681809420526,1
2026-01-14 21:25:35.820,0.1587099834207253,0.8229430108963766,0.008378015862106625,-0.4854107871622295,-0.8729961968789368,-0.03245084026099936,0.034654738605457445,3.118477195730034,-0.09214121036136129,2.1277386953339033,1
2026-01-14 21:25:35.870,0.15503611422038277,0.821682057364418,0.006934682072047033,-0.48134847170963013,-0.8752976732515748,-0.03109950936416127,0.03450293466491374,3.120277099631665,-0.09046341550749645,2.136985532390731,1
2026-01-14 21:25:35.920,0.1509109096340678,0.8201957481494201,0.005282054073121628,-0.47807098357673417,-0.8771521602113754,-0.029508026115077666,0.034372938385935935,3.122616386523943,-0.08863044817759755,2.144400963375167,1
2026-01-14 21:25:35.970,0.14608346002822298,0.8187558255434958,0.003583676768904004,-0.47419444066676997,-0.8793126530054985,-0.027855834464900694,0.03424825822468811,3.1250222686202607,-0.08675680905118298,2.153162890476018,1
2026-01-14 21:25:36.020,0.14034878686596428,0.8173880582018525,0.00186684531869874,-0.4693104374686067,-0.8819857867587063,-0.026175613677053074,0.034111911222924535,3.127386189977736,-0.08484317116500546,2.1641921816919427,1
2026-01-14 21:25:36.070,0.1347243725524951,0.8166487524432715,0.0006533254129062749,-0.4661890747175725,-0.883677983467514,-0.02491003300270127,0.034065501677885635,3.1292864727570415,-0.08352853423931629,2.1712106532358018,1
2026-01-14 21:25:36.120,0.1303796131221119,0.8167777122322848,0.0002514487956452871,-0.4639771213371326,-0.8848542205729603,-0.024430554309693774,0.03407913182649847,3.1299411234546626,-0.08307609098125211,2.1761955412943714,1
2026-01-14 21:25:36.170,0.1277271499854273,0.8172405462803383,0.0002979064075162574,-0.4625481475805033,-0.8856006223491382,-0.02441965153278402,0.03412373783279695,3.129867525288793,-0.08312623633106628,2.179426067978107,1
2026-01-14 21:25:36.220,0.12687441146622913,0.8173821571992417,0.0002762305409917398,-0.4620829899750346,-0.8858439883828062,-0.024391065326135254,0.03412937963149973,3.129879818701411,-0.0831036265321717,2.1804762986603174,1
2026-01-14 21:25:36.270,0.12695132428244663,0.817373046412896,0.0002995530051992934,-0.46212550898259314,-0.8858211838529602,-0.024398453330936994,0.03414029378868101,3.1298808094220596,-0.08313040087648754,2.180379838943963,1
2026-01-14 21:25:36.320,0.12707562882400594,0.8173993232202867,0.00033209448145396503,-0.4621814289670246,-0.8857920048546979,-0.024433972113339527,0.03411497999792732,3.12979945240873,-0.0831190849032763,2.180256894528632,1
2026-01-14 21:25:36.370,0.12695313957309232,0.8172672762918753,0.00023577221277362725,-0.46212939186559976,-0.8858219830252317,-0.024330844911125513,0.03411523925004308,3.1299781024263544,-0.08302340048520415,2.1803690187514717,1
2026-01-14 21:25:36.420,0.1267407660238219,0.8168563375816441,-0.00014818696168916734,-0.4621467744532654,-0.8858239769107825,-0.02397247239526506,0.03408168657309236,3.1305855760855703,-0.08263235685418459,2.180312626813784,1
2026-01-14 21:25:36.470,0.1267438291965299,0.8168753300533949,-0.00013269470153340346,-0.46212909397432467,-0.8858316294322444,-0.023995235804247117,0.0341065017054446,3.1305664851385013,-0.08269725572769016,2.180352238056459,1
2026-01-14 21:25:36.520,0.1267256980073022,0.8168320148150814,-0.00019129079191829157,-0.4621177358047711,-0.8858393769007736,-0.02394773924044642,0.034092555961563124,3.1306369052452463,-0.08262839861335167,2.180376277691895,1
2026-01-14 21:25:36.570,0.12672483225049985,0.8168361620075809,-0.00017181582587005861,-0.4621181062124897,-0.885838565923532,-0.023970079067057077,0.034092907512286025,3.1305975593622333,-0.08264970387643773,2.1803766133154237,1
2026-01-14 21:25:36.620,0.1266915364291918,0.8168332411248432,-0.00019549628112805473,-0.4620802675566836,-0.8858586798819839,-0.02394860663008941,0.034098238267833335,3.1306371318958996,-0.08263882485412594,2.180460694197006,1
2026-01-14 21:25:36.670,0.12663245741182924,0.8168178396916709,-0.00024343748053892722,-0.4620066634978765,-0.8858978980886532,-0.02391459760866136,0.03410057282337382,3.130692867037243,-0.08261058920966315,2.180625174957225,1
2026-01-14 21:25:36.720,0.12651449639425733,0.8168106309071245,-0.0002835523843105481,-0.4614912695482407,-0.8861680346927506,-0.02388954808255897,0.03407802682010679,3.1306683604065038,-0.0825410456216667,2.1817906090844956,1
2026-01-14 21:25:36.770,0.12623164895203234,0.8168270914016857,-0.0003226086824683061,-0.45962966842881964,-0.8871354231181661,-0.023919046579634794,0.0340468524196741,3.1304134282843687,-0.08248966349352266,2.186000389583398,1
2026-01-14 21:25:36.820,0.12575688883151764,0.816898350726716,-0.0003303549153767238,-0.4549964697070202,-0.8895206131822337,-0.0240739006239262,0.03393727429834426,3.1296059390402378,-0.08237602273542943,2.1964642966140144,1
2026-01-14 21:25:36.870,0.12471811402524541,0.8170539300973896,-0.0003738129406537227,-0.4456679679323517,-0.8942316771774301,-0.02436324525790126,0.033707598134429285,3.1280185465005808,-0.08209281604169051,2.2174471990722275,1
2026-01-14 21:25:36.920,0.12267849097101015,0.8172164823453404,-0.0005422635770783168,-0.43129996653445096,-0.901253181988031,-0.02468174745020896,0.033374423839740326,3.1258394343926397,-0.08153840654221992,2.2495441179367894,1
2026-01-14 21:25:36.970,0.11968095428313058,0.8171639178207099,-0.000941102236985264,-0.41506962569236644,-0.9088535451746463,-0.024787276131515032,0.03298530268249559,3.123860517122731,-0.08062181969766027,2.2854914370692025,1
2026-01-14 21:25:37.020,0.1161396176260956,0.8169157933891127,-0.0015727563388512888,-0.4006465329606721,-0.9153198466430368,-0.024579546730011767,0.032676900870615616,3.1227192574000258,-0.07959908233579713,2.3171673919728817,1
2026-01-14 21:25:37.070,0.11190154794660878,0.8162492045518409,-0.002659581171605946,-0.3884811101226808,-0.9205761387858352,-0.023876128120769682,0.03243347471321677,3.122773816808025,-0.07834593978190736,2.343680210719364,1
2026-01-14 21:25:37.120,0.10684459834475525,0.8151232640904157,-0.004173983448161361,-0.3812030224902089,-0.923649896378114,-0.022565195258265367,0.03234094197739335,3.1245134378085653,-0.07702339229668342,2.3594142593262135,1
2026-01-14 21:25:37.170,0.10151015487195635,0.8135875930086319,-0.006057212854358562,-0.3785127412494838,-0.9247984946111396,-0.02073320701075061,0.03234166359080395,3.1276878906983776,-0.07558656423467351,2.3651362685725745,1
2026-01-14 21:25:37.220,0.09626215098602556,0.8115490850507169,-0.008400031523946194,-0.3761393707688642,-0.9258136284290962,-0.018503992580020525,0.03234039936600659,3.1316318228076194,-0.07386968805536712,2.370144239719413,1
2026-01-14 21:25:37.270,0.0916996380908514,0.8091359106030368,-0.011079170359481721,-0.3741948434057604,-0.9266490420645983,-0.01601491636393321,0.03230006908904168,3.1360709805036575,-0.07190901083516883,2.3742094812187875,1
2026-01-14 21:25:37.320,0.08801287648866545,0.8069933665874345,-0.01371160509168276,-0.3726526088948618,-0.9273101634016773,-0.013683448869563148,0.03222820446196011,3.1402315638561613,-0.07002664687686684,2.3774157797265443,1
2026-01-14 21:25:37.370,0.08529571717286866,0.8055056642592383,-0.01594542343353955,-0.37147076046855704,-0.9278104518509253,-0.011840028566671596,0.03220331157869306,-3.1396334704601165,-0.06860739651459823,2.379868704172795,1
2026-01-14 21:25:37.420,0.08333587722781072,0.8048396249735362,-0.017815112672183303,-0.3704334233514796,-0.928242480382584,-0.010496552691159242,0.03216828964824786,-3.137236979679205,-0.06754784901754916,2.382037260984743,1
2026-01-14 21:25:37.470,0.08204080620117603,0.8046520988305738,-0.019273487723346888,-0.3695990914028177,-0.9285863248020327,-0.009565982553900758,0.032131619981628834,-3.1355932855031345,-0.06679477961828309,2.383789703425339,1
2026-01-14 21:25:37.520,0.08101663044836092,0.8044558659933031,-0.02060088293729201,-0.36866131988015527,-0.9289682484547462,-0.00873257109920973,0.032102442105543735,-3.134130979438736,-0.06613121301389514,2.385769507121234,1
2026-01-14 21:25:37.570,0.08015068391736842,0.8042750759362545,-0.021667709428400544,-0.36667211023986096,-0.9297621275556328,-0.008092394197161172,0.032069656867953315,-3.1331041908971176,-0.06561588944510606,2.3900236219960247,1
2026-01-14 21:25:37.620,0.0793930637105143,0.8041856533525161,-0.022341751580042146,-0.3631179061736219,-0.9311596016250367,-0.00775781004066361,0.03204682357053004,-3.132747619089383,-0.0653619441811198,2.397655354703131,1
2026-01-14 21:25:37.670,0.07842028121404322,0.8042380267436888,-0.02257563468948859,-0.3568349803663042,-0.9335872502179192,-0.00779430439856474,0.031982680257702414,-3.133303125538265,-0.0653262595555475,2.4111522545395423,1
2026-01-14 21:25:37.720,0.07656794057441821,0.8045878608511462,-0.022427845330136892,-0.3457266425404296,-0.9377563452759986,-0.008239407115214488,0.03190983708379,-3.134967309339279,-0.06559149116838454,2.43494863090656,1
2026-01-14 21:25:37.770,0.07351253397209015,0.8050009303925153,-0.02234504689922298,-0.3291396202164244,-0.9437046581942306,-0.008765122031616352,0.031808821764871105,-3.1371873765559184,-0.06585375227345383,2.4702832077742025,1
2026-01-14 21:25:37.820,0.06935487041928591,0.8053652014304926,-0.022346157915063003,-0.30948370183198504,-0.9503326859574612,-0.009251775099125717,0.03165484100044921,-3.139579490986616,-0.06593958149699303,2.511871916426522,1
2026-01-14 21:25:37.870,0.0646262926290219,0.8056909565029187,-0.022399292643453833,-0.28928259946661217,-0.9566759926373749,-0.009685813783338037,0.03150885222421926,3.1412895492027175,-0.0659391729891288,2.554319375323209,1
2026-01-14 21:25:37.920,0.060470369513631744,0.8059789038620396,-0.022438545001671167,-0.27143264964533215,-0.9618934903713509,-0.010067503253573645,0.03136678603194585,3.139247776415828,-0.06585590528765477,2.5916010752168956,1
2026-01-14 21:25:37.970,0.057852013387933374,0.8061358577845069,-0.022438470267058863,-0.25774441647669294,-0.9656518585664341,-0.010384793680288065,0.031248358076844982,3.1376360829421213,-0.06575068007331515,2.6200592553949478,1
2026-01-14 21:25:38.020,0.05718348145994065,0.8061751682691054,-0.02246064641355469,-0.24965254024305614,-0.9677753980096486,-0.010624615223876364,0.031168986329364712,3.1365801753082785,-0.06568129568339355,2.636834687022464,1
2026-01-14 21:25:38.070,0.057339888004154634,0.8061612138322988,-0.02244483992053531,-0.2477653899740881,-0.9682604385977048,-0.010687572443258872,0.031141778575389807,3.136316265538878,-0.06564987277281682,2.6407423625136452,1
2026-01-14 21:25:38.120,0.05736898161680123,0.806185860547197,-0.022419860047414475,-0.24781374183644728,-0.9682478462964967,-0.010717345532879894,0.03113833656352052,3.136260060021711,-0.06565823093516934,2.6406442477718755,1
2026-01-14 21:25:38.170,0.057345032829574524,0.80620056764346,-0.02238247246078426,-0.24779862907421826,-0.9682512333079388,-0.010735338774905038,0.03114708859559054,3.136228462154398,-0.06568403929452114,2.6406763328812644,1
2026-01-14 21:25:38.220,0.057377402600490866,0.8062189673502709,-0.022337078856507653,-0.2478284348128602,-0.9682434934039388,-0.010768407865115247,0.031139135684782805,3.1361623613697223,-0.06568518978741249,2.6406168860366104,1
2026-01-14 21:25:38.270,0.05736683476902609,0.8062217556345608,-0.022348794975211028,-0.24780101034366278,-0.9682505891127798,-0.010767043881412742,0.031137224048884606,3.1361621958050767,-0.06568065339987657,2.64067356484412,1
2026-01-14 21:25:38.320,0.057355158238760515,0.8062144201427952,-0.022350425970685567,-0.24783136764003877,-0.9682431038760946,-0.010755622157444047,0.031132324070977702,3.1361839893841985,-0.0656656585905868,2.640610243745961,1
2026-01-14 21:25:38.370,0.05734693885957619,0.8061987314417884,-0.022365101383932412,-0.24782967063839256,-0.9682435901565549,-0.010749736460778724,0.031132742218361768,3.1361955038292932,-0.06566354023520464,2.640613390914865,1
2026-01-14 21:25:38.420,0.05737048949170448,0.8062268009471043,-0.022330377943644092,-0.2478330753334052,-0.9682425048202931,-0.010780139274696999,0.031128880919969997,3.1361348162448257,-0.06567115456601759,2.6406082660768946,1
2026-01-14 21:25:38.470,0.05736358014657861,0.8062004175029649,-0.022373876772748158,-0.24784498109686737,-0.9682396963157514,-0.010747060697393696,0.031132884701576186,3.1362018070631574,-0.06566257443552456,2.640581568468505,1
2026-01-14 21:25:38.520,0.05738168112575637,0.806217614640115,-0.022349383210586216,-0.24785155901836878,-0.9682377957867525,-0.010770904766136732,0.03113138468963095,3.136155236237244,-0.06567153163247372,2.6405694274466773,1
2026-01-14 21:25:39.770,0.058894375932976445,0.8112581027296558,-0.018942064838130157,-0.22228697226574604,-0.9743849858668111,-0.015134217644242824,0.030550887623087504,3.125645949108952,-0.06631352266122852,2.693537340633533,1
2026-01-14 21:25:39.820,0.059113327844125,0.8119553605839178,-0.01843324874240962,-0.20604353462193625,-0.9779419142591272,-0.01614179229171563,0.030250896140508608,3.122444497305604,-0.06586667831873316,2.7269157307544942,1
2026-01-14 21:25:39.870,0.059045926236948286,0.8116782987704343,-0.018839961737776245,-0.18816890590212626,-0.9815432199065625,-0.016363984472735783,0.02995981173556562,3.1206980819156995,-0.06501788521112609,2.7634538776748134,1
2026-01-14 21:25:39.920,0.05897352222956821,0.8114907724282732,-0.01962753733511624,-0.17411490473880908,-0.9841393118315814,-0.016292847778234185,0.029805334534813183,3.119856151825914,-0.0643833293321808,2.7920747217465545,1
2026-01-14 21:25:39.970,0.05883981790372973,0.8111323069126419,-0.021271588419517123,-0.165550532109815,-0.9856276643479912,-0.015551424180665177,0.029820828225143915,3.1207664241882807,-0.0639771946882731,2.809436624659858,1
2026-01-14 21:25:40.020,0.058432485932904794,0.8105921862596247,-0.02417853345529239,-0.16435910543496343,-0.9858376528578183,-0.013849039659029552,0.030305292754380896,3.1242118997550756,-0.06434902908527329,2.81175044299034,1
2026-01-14 21:25:40.070,0.057315098260260475,0.8101231205209487,-0.02834003874449248,-0.16427897543513229,-0.9858336596706252,-0.011503181385474848,0.03181336996324204,3.129337304240592,-0.06655396539071007,2.811755849840298,1
2026-01-14 21:25:40.120,0.056174467611329534,0.8114398389561756,-0.03215801327867193,-0.16397548975021392,-0.9858392226604148,-0.009963617068423886,0.033671830369023756,3.1329692611412696,-0.0697140553697283,2.812249497490803,1
2026-01-14 21:25:40.170,0.05525252538422702,0.8161241297478157,-0.03424446270847875,-0.16336860704339518,-0.9858512777657668,-0.01054905650295126,0.036009356661891645,3.1325333858365463,-0.07451544923067205,2.81348859280038,1
2026-01-14 21:25:40.220,0.05454839603621806,0.8226971825908694,-0.03515751956272456,-0.16254239528573283,-0.9858792588828496,-0.012382617161814317,0.03832397985079233,3.129597324981755,-0.07967530598311981,2.815269703074372,1
2026-01-14 21:25:40.270,0.054759423325284134,0.8285996795990319,-0.035917766984706556,-0.1617579064781418,-0.9859667798633591,-0.013998896183636037,0.03883194050426611,3.126500217670603,-0.08119204655461557,2.816982518348439,1
2026-01-14 21:25:40.320,0.05528756172660282,0.8320669509503017,-0.03715473207690517,-0.1613865310272297,-0.9860225498641542,-0.014516788078653113,0.03877088632296202,3.12542507466127,-0.08123287469654851,2.8177781768491754,1
2026-01-14 21:25:40.370,0.05539019973218818,0.8324766737338912,-0.03878300242544663,-0.16141087038749663,-0.9860246399689035,-0.013819776542352702,0.038870992671453386,3.1268386207732393,-0.08120605920366063,2.8176731258211585,1
2026-01-14 21:25:40.420,0.05518684502788557,0.8318501484550285,-0.03979935785012331,-0.16142903943253537,-0.9860278605457465,-0.0130703167978193,0.03897294284848853,3.1283560280515266,-0.08116576132677439,2.817576360764953,1
2026-01-14 21:25:40.470,0.05521118550217227,0.8319635081375152,-0.03959705556171253,-0.16141220433023773,-0.9860292114455583,-0.013222042670287978,0.03895731069939657,3.1280493651793826,-0.08118363871507692,2.81762262756965,1
2026-01-14 21:25:40.520,0.05526107962887538,0.8321332899819075,-0.039473206568374,-0.16139916870350088,-0.9860301362827077,-0.013348188940539902,0.0389448910145014,3.127794667453051,-0.081199646229769,2.8176591326955553,1
2026-01-14 21:25:40.570,0.055234197816375924,0.83208042840162,-0.039515056372722596,-0.16136802158702918,-0.9860363801185246,-0.01331001384989635,0.03892893812012124,3.1278624893624194,-0.08115537450888419,2.8177196201824914,1
2026-01-14 21:25:40.620,0.05507760749031449,0.8320643263114946,-0.039523641129250414,-0.16124105446997472,-0.986057114316224,-0.013274612822590185,0.03894193516226722,3.1279262602231146,-0.08116786553302377,2.817974632413749,1
2026-01-14 21:25:40.670,0.05475556899609162,0.8320832810419191,-0.039537001229165786,-0.1610199771842996,-0.9860924720073123,-0.013278919174914899,0.038959901227056566,3.127905287479985,-0.08120168049154883,2.818423866688427,1
2026-01-14 21:25:40.720,0.05422254462029289,0.8320805616561708,-0.039553878279478455,-0.16030622101440992,-0.9862098105764837,-0.013244936527499425,0.038944790192756956,3.127908806893847,-0.08115100021892681,2.8198712749200237,1
2026-01-14 21:25:40.770,0.053292452652100725,0.8321194511540299,-0.03956913545229693,-0.15843174100254553,-0.9865117722501486,-0.013262969011978404,0.0389615234271035,3.1277238888915897,-0.081163635639414,2.8236793807333056,1
2026-01-14 21:25:40.820,0.052026712589034976,0.8322446682242604,-0.03955918284313975,-0.155235093988523,-0.9870200536491184,-0.013361741784550046,0.03892227055747208,3.127252654767524,-0.08107132413590694,2.830176953307721,1
2026-01-14 21:25:40.870,0.050538786992216395,0.8323345938925129,-0.03954067387636562,-0.15110228545339688,-0.9876611772783399,-0.013456588743327422,0.03888982447012211,3.126714939067694,-0.08097504492046904,2.838569626841576,1
2026-01-14 21:25:40.920,0.048995689351493905,0.8324570975911733,-0.039523302135171884,-0.1473195114432947,-0.9882331581916789,-0.013557555100684326,0.03883785908493136,3.12618883349622,-0.08084434013396642,2.846247967913214,1
2026-01-14 21:25:40.970,0.0480288882971532,0.8324936987819196,-0.0395690437371585,-0.1455752766900882,-0.9884922205415325,-0.013540971383670934,0.038827964657717276,3.1260759118192887,-0.08079260953291442,2.8497818569496722,1
2026-01-14 21:25:41.020,0.0474041963564225,0.8325506465586643,-0.03953657888312537,-0.14518377088662385,-0.9885497617078498,-0.013553397089135732,0.03882456343396475,3.1260182127886975,-0.08078332840049157,2.8505762102721053,1
2026-01-14 21:25:41.070,0.047341327420102136,0.832533017202213,-0.039549699840180474,-0.1451482111306519,-0.9885548994275346,-0.013544664048989167,0.03882975275724629,3.1260341297708996,-0.08079051154830848,2.8506475415689065,1
2026-01-14 21:25:41.120,0.047351367731814864,0.8325051166893116,-0.039580744426192194,-0.14514011383253503,-0.9885574032703551,-0.013505258163523886,0.038809996109096176,3.126105914202594,-0.08073982149808656,2.8506610113396635,1
2026-01-14 21:25:41.170,0.047331256108295056,0.8325098977569684,-0.03958228907012412,-0.1451251837590197,-0.988559542381221,-0.013513832118161194,0.03880835666997456,3.12608720803935,-0.08073882825834328,2.8506919496408765,1
2026-01-14 21:25:41.220,0.0473421426598183,0.8325054105930839,-0.03961158509079926,-0.14512726812305088,-0.9885591230298404,-0.013499663244865213,0.03881617464264567,3.1261177528151594,-0.080750233681481,2.850686554286465,1
2026-01-14 21:25:41.270,0.0473318916010632,0.8325050900664456,-0.03961015286393449,-0.14508837797641794,-0.9885651708988321,-0.013504180163178073,0.038805960625341425,3.126102649362772,-0.08073070582847686,2.8507657918311566,1
2026-01-14 21:25:41.320,0.04733608052779052,0.8324890977438882,-0.03962863601291883,-0.1450106465109698,-0.988577186407994,-0.01348130108939533,0.03879836894847439,3.126139478528426,-0.08070781912028806,2.8509215647459545,1
2026-01-14 21:25:41.370,0.04732482526908029,0.8324545208308348,-0.039654664223421926,-0.14482666037944528,-0.9886041543485328,-0.013458475221733886,0.038806364076854095,3.1261720239002364,-0.08071416811381307,2.8512925178736666,1
2026-01-14 21:25:41.420,0.047330222791082635,0.8325040531400387,-0.03965152360827506,-0.1441909482512092,-0.9886972707467577,-0.01350966403542994,0.03878358206741281,3.1260118978691427,-0.08067386546105382,2.8525847458098297,1
2026-01-14 21:25:41.470,0.04733161379490114,0.832484301367628,-0.03967110871545984,-0.14371217983182136,-0.9887673620632143,-0.013517468196147592,0.038771009015822165,3.1259536621388224,-0.08064364746111509,2.853555420041811,1
2026-01-14 21:25:41.970,0.04681767543125455,0.832982017434451,-0.046040072725705955,-0.1358199015362285,-0.9899009765294069,-0.01068829531320921,0.03917615800603258,3.131039334930916,-0.08055148258205175,2.8693096135894423,1
2026-01-14 21:25:42.020,0.047430377054526636,0.834965210583737,-0.046474886384821584,-0.1358068707116902,-0.9899003859007488,-0.011164454569520976,0.03910338623715658,3.1300726811859367,-0.08053636653842727,2.869374161746553,1
2026-01-14 21:25:42.070,0.04803667637496382,0.8369766607607919,-0.04648596503474722,-0.1357869941254217,-0.9898992871241699,-0.01186173143953551,0.03899478048020684,3.1286565204672736,-0.08051009640025018,2.8694701688223305,1
2026-01-14 21:25:42.120,0.04835393135683838,0.8381337064026138,-0.04667080238422677,-0.13575375429010517,-0.9899015858008797,-0.012177403947376542,0.03895483870006466,3.1280159219193613,-0.08051613727114601,2.8695625554286788,1
2026-01-14 21:25:42.170,0.048374563421821906,0.8381015163073927,-0.04713521679933849,-0.13578097146959156,-0.9898995048644736,-0.011919378491974324,0.0389926463863241,3.1285409404662383,-0.08052143691129235,2.869486901064808,1
2026-01-14 21:25:42.220,0.04834783772284076,0.8380361815733774,-0.04715719534481913,-0.13578108602848699,-0.9898999436212143,-0.01187653483047728,0.03899418182321821,3.1286264710785514,-0.08051285118317128,2.869483291947271,1
2026-01-14 21:25:42.270,0.04834609641989952,0.8380630946622751,-0.04714090537321561,-0.13577254757131998,-0.9899006971604658,-0.011901157846442332,0.03899727591937094,3.128577703400939,-0.08052556026740589,2.869502476695108,1
2026-01-14 21:25:42.320,0.04832616285690905,0.8380402030855304,-0.047163856998449855,-0.13576430969890188,-0.989901971787663,-0.01187575804952136,0.03900134399769698,3.1286285898339523,-0.08052662427455233,2.8695171167821436,1
2026-01-14 21:25:42.370,0.04830390952714181,0.8380173376451637,-0.04718278840851842,-0.13576649311151506,-0.989901451178943,-0.011858900665967164,0.03901208501244683,3.1286651675108517,-0.08054337758217876,2.8695112801297484,1
2026-01-14 21:25:42.420,0.04832139944032171,0.8380368825980374,-0.047174598507217586,-0.13574914421559772,-0.9899038330325525,-0.011871260357585765,0.03900826027543001,3.128638164012913,-0.08053892089092539,2.8695473917491765,1
2026-01-14 21:25:42.470,0.0483334668305968,0.838015181822102,-0.047213027443729544,-0.13577620381699645,-0.9899002441251407,-0.011849241848564538,0.039011852373948205,3.128685082455378,-0.08054042068093525,2.869490872941627,1
2026-01-14 21:25:42.520,0.04834437445822019,0.8380137907381443,-0.04720089744186834,-0.1357894928908378,-0.989898457558659,-0.01185619994383397,0.03900881780224392,3.1286715209386866,-0.08053646523259875,2.869464554312245,1
2026-01-14 21:25:42.570,0.04833844734632607,0.838012117293286,-0.047191889061926146,-0.1357892077729529,-0.989898768845971,-0.01186293566788813,0.03899986214032448,3.128655687722188,-0.08052052999671594,2.869465739108873,1
2026-01-14 21:25:42.620,0.04832727058110234,0.8379931187433346,-0.04721465305563696,-0.13577325705778365,-0.9899009255823613,-0.011839021463866485,0.039007919322667846,3.128704076870546,-0.0805298076460161,2.869496068148901,1
2026-01-14 21:25:42.670,0.04831695622898163,0.8380297178401438,-0.04718347771835507,-0.13576941557108133,-0.9899003482331138,-0.011869194205853365,0.03902676763902852,3.1286489422061265,-0.08057532823093529,2.869506045531059,1
2026-01-14 21:25:54.770,0.04934408866069638,0.8424053234311543,-0.04396347490768379,-0.13558339347833978,-0.9899040843898418,-0.015050584876497625,0.0384776170790499,3.122165343944292,-0.0803459365773185,2.8701351060740974,1
2026-01-14 21:25:54.820,0.051141569799876566,0.8483821758007263,-0.03695596155113631,-0.13534201894829673,-0.9898684622222973,-0.020728696927270807,0.037593703307348035,3.1106270297882888,-0.08012226762502288,2.871064538111405,1
2026-01-14 21:25:54.870,0.05330857534689807,0.855495785946495,-0.0279512986168092,-0.135036783457063,-0.9897801729904834,-0.027783424303942535,0.036446640482303866,3.0962775268999114,-0.07973635834750725,2.8722126893743165,1
2026-01-14 21:25:54.920,0.05568955567690706,0.8633747995367755,-0.01746157785822325,-0.13467967987009885,-0.9896165231688021,-0.03582830946891977,0.035168922957331906,3.0799201792218187,-0.07934140194528969,2.87351768589151,1
2026-01-14 21:25:54.970,0.058290051736195794,0.8718596000593257,-0.005606241767516146,-0.1342890920209982,-0.9893582917046965,-0.044720601071722814,0.03371465911327681,3.0618264319745343,-0.07880427150210488,2.8749207921292554,1
2026-01-14 21:25:55.020,0.06085198635679011,0.8803571882031774,0.0067669512639870755,-0.13386274510862167,-0.9890108408270861,-0.053837238508071456,0.03224707658547549,3.043275894215866,-0.07827893680183759,2.876380636315445,1
2026-01-14 21:25:55.070,0.0636794685110274,0.8896920332479106,0.021034947248387864,-0.13335659548164064,-0.9885156383468552,-0.0641598324459609,0.03060011578020378,3.0222660789863793,-0.07768778206222005,2.878042967475735,1
2026-01-14 21:25:55.120,0.06647637410372234,0.8987654813107475,0.035477226416545965,-0.13285975783246404,-0.9879134611847741,-0.07442494259381945,0.02891722459928697,3.001352436658827,-0.07698762018694842,2.8796363059010477,1
2026-01-14 21:25:55.170,0.06930023740751436,0.9079702521211942,0.05102421348052477,-0.13233352744892604,-0.9871602592911796,-0.08523693852319954,0.027150033154448597,2.979312719447717,-0.0762361022181539,2.8812744710993923,1
2026-01-14 21:25:55.220,0.07213697193351427,0.9172531507569043,0.06764606581382332,-0.13175765702863698,-0.9862438582871572,-0.09655720766200224,0.025291845597005216,2.9562158905480165,-0.07540359107974079,2.8829870146245358,1
2026-01-14 21:25:55.270,0.07495689087744042,0.926582877344312,0.08521521860381165,-0.13109795516598594,-0.9851571347897108,-0.10831679921457783,0.02337128434925063,2.9321986809000125,-0.07451794309106721,2.884834921107525,1
2026-01-14 21:25:55.320,0.0775934041530844,0.9352320672776684,0.10274912826771013,-0.13046119340624174,-0.9839540351527947,-0.11980500120272432,0.02147313224398051,2.9087062904249223,-0.07358334206410229,2.8865640187370594,1
2026-01-14 21:25:55.370,0.08028642415658242,0.9440214028851359,0.12209816401298051,-0.12977695213287158,-0.9825016682423339,-0.1321768122725896,0.019434631295442217,2.8833773186245235,-0.07255977650933973,2.8883610945826517,1
2026-01-14 21:25:55.420,0.08264244915876762,0.9519156264296951,0.14096713221420865,-0.12903313722962562,-0.9809696383946828,-0.14402483238886044,0.0174890165488683,2.8590819133284984,-0.07154135152849697,2.8901992707667845,1
2026-01-14 21:25:55.470,0.08488574391893,0.9591682945697044,0.15993544692495087,-0.12836411556781147,-0.9793107790588047,-0.1556645167678093,0.01554381141082122,2.8351741131967825,-0.07046622222385315,2.89181249909469,1
2026-01-14 21:25:55.520,0.08697933113764852,0.9660665067924271,0.17919574178834793,-0.1276059683803357,-0.9775120123126525,-0.16733794420794668,0.013601288411165539,2.8111534785640035,-0.0693530693652506,2.89354595646069,1
2026-01-14 21:25:55.570,0.08893218748016775,0.9726130353256424,0.19880770418880658,-0.12685026433318666,-0.9755588612456021,-0.17904843506378795,0.011643735869273511,2.7870115148670758,-0.0681958291483375,2.895210329939015,1
2026-01-14 21:25:55.620,0.09066666828228838,0.9783678836469795,0.21787643817620217,-0.12610079317856876,-0.9735564672555552,-0.1902383130720388,0.009786688108015943,2.7638999718433253,-0.06708449708251372,2.896801189160045,1
2026-01-14 21:25:55.670,0.09243410635092715,0.9841250569085875,0.23859042364513272,-0.12530193778869597,-0.9712574486954316,-0.2022327376771697,0.00776611560795226,2.7390685177106713,-0.06581360398024966,2.8984221777834938,1
2026-01-14 21:25:55.720,0.09387681923623424,0.9888814841519095,0.25790905758200827,-0.12452984841462271,-0.9690125999078832,-0.21324161304909753,0.005908683255558254,2.716223675450539,-0.06460600271472206,2.8999258632591456,1
2026-01-14 21:25:55.770,0.09518352521821831,0.9932110808555682,0.27675623868668975,-0.12377367449320252,-0.9667169350264433,-0.22387866818613278,0.004097190102241845,2.694096834985549,-0.06338465090456792,2.9013364218978994,1
2026-01-14 21:25:55.820,0.09640632778108323,0.9971840636120382,0.29471612856404134,-0.123052907417858,-0.9644254540967067,-0.23395674764011773,0.0024011872129040693,2.6730893775315767,-0.06224984383270643,2.902639556595896,1
2026-01-14 21:25:55.870,0.09750190251144526,1.000837246276471,0.31176361175581346,-0.12233111662464859,-0.9621642441660078,-0.24346347574985658,0.0007753254933487391,2.653219979742066,-0.06109630115073298,2.90389354092853,1
2026-01-14 21:25:55.920,0.09840790405682825,1.003954296735096,0.3270001160133139,0.12167951163240621,0.9600693081815158,0.25191386822884543,0.0006503312575424167,2.6355235801340697,-0.06009294779355225,2.9049992768988235,1
2026-01-14 21:25:55.970,0.09929541097923734,1.006769595705645,0.3421050414132263,0.12104329204085286,0.9579321446387448,0.2602118611586177,0.002077265533371864,2.618103861795007,-0.059048349824225,2.9060297888076723,1
2026-01-14 21:25:56.020,0.09999471682011503,1.0090597133272312,0.3550783160500588,0.12049895946666976,0.9560442922281803,0.2672984876710359,0.0032909807268876037,2.6031979625547375,-0.05815851305380808,2.906886480502463,1
2026-01-14 21:25:56.070,0.10060342630000603,1.011113644539365,0.3675220930073536,0.1199624079646812,0.9541911238653381,0.27405943000290034,0.004443944014471596,2.5889503643895653,-0.05730427171372236,2.907716025336371,1
2026-01-14 21:25:56.120,0.10115742010156867,1.0129696850376566,0.37992130690679843,0.11942280973117453,0.9523064365326515,0.28074749981520086,0.00561113196320583,2.57482353108382,-0.056398169694741575,2.908515995334647,1
2026-01-14 21:25:56.170,0.10171791097801458,1.0146572234377207,0.39203928363113905,0.11891320064225752,0.9504234564943804,0.2872445606426873,0.00674288065135318,2.5610750394422013,-0.05552568376442917,2.9092433040523087,1
2026-01-14 21:25:56.220,0.10220639579904006,1.0163203872486144,0.4038373024177626,0.11838896238718943,0.9485479585709553,0.29356357548218937,0.007826303461448485,2.5476799003158273,-0.05468938378025268,2.9099943707873206,1
2026-01-14 21:25:56.270,0.10271418477659734,1.0179320746345777,0.4153499733993308,0.1178905300097697,0.9466752597366099,0.2997144776254957,0.008888612845321355,2.534615029345308,-0.05386377960281289,2.9106778760338297,1
2026-01-14 21:25:56.320,0.1031950947810394,1.0193846405861096,0.4269572913200038,0.11738084394518772,0.9447576923482328,0.3058678020776789,0.009976365857734615,2.52151379052536,-0.05298032644934532,2.911347694345379,1
2026-01-14 21:25:56.370,0.1035286992779492,1.0204742772400845,0.43885562347252044,0.11683807016264446,0.9427669307668798,0.3121170081436445,0.011061321825461226,2.508184592661375,-0.05210136972436988,2.91206691776788,1
2026-01-14 21:25:56.420,0.1037651960589779,1.021244668205541,0.4512062667223996,0.1162969662693772,0.9406807257932237,0.3185066541681408,0.012177808024829888,2.4945262204908736,-0.05119421576047292,2.912749220022269,1
2026-01-14 21:25:56.470,0.10391676069641057,1.0217463980409187,0.46431464936024724,0.11573013203090922,0.9384288238653944,0.32523821920797985,0.013340908707541283,2.4801074267848477,-0.05026189731524734,2.9134460377202607,1
2026-01-14 21:25:56.520,0.10401905368268824,1.0219823781169366,0.47784377985154647,0.11513620086648442,0.9360667897991334,0.3321302338150802,0.014564617094792566,2.465302006232488,-0.049233405187581174,2.914138186379768,1
2026-01-14 21:25:56.570,0.1039827993542128,1.0219958200749812,0.491931811993188,0.11445363827688934,0.933566566542203,0.33926989393753865,0.015804100334940764,2.4499286945601924,-0.04817161631218075,2.91497337573143,1
2026-01-14 21:25:56.620,0.10397291146582197,1.0218495821678113,0.5066581193998664,0.1137956667240118,0.9308905966426178,0.3466989642084956,0.017119332169954562,2.433885483109084,-0.04705058673876602,2.9156952911899783,1
2026-01-14 21:25:56.670,0.1039039134169617,1.0215949494486223,0.5221264989867009,0.1131032190492209,0.9280147437678606,0.3544784742544619,0.018474535999714704,2.4170407129351137,-0.04591215766655319,2.916439325908756,1
2026-01-14 21:25:56.720,0.1037636032282141,1.0212633604299317,0.5374418071144593,0.1123576099726166,0.9251078858204613,0.36215816194444844,0.019814964321347737,2.400358233881802,-0.044735411197377034,2.9172549736676507,1
2026-01-14 21:25:56.770,0.10366244174749657,1.0209318815947124,0.5519727039149456,0.1116501582386219,0.9222901787013491,0.36941738158686405,0.021115553931392014,2.3845339698008505,-0.04355545224097223,2.9179747318522375,1
2026-01-14 21:25:56.820,0.10352415478224626,1.0205139734432676,0.5655564411957824,0.11101039910304884,0.9195908418948734,0.3762081868276808,0.022288448978982297,2.369696980531135,-0.04254636984147812,2.9186108241404862,1
2026-01-14 21:25:56.870,0.10337714696116887,1.0200555906750592,0.5780243385521507,0.11038586291006157,0.9170772403602319,0.3824094329954146,0.02339491481045982,2.3561014228104558,-0.041527237336809304,2.919216652301307,1
2026-01-14 21:25:56.920,0.10319909017085632,1.0195276874693344,0.5888499282421059,0.10986310734787942,0.9148580977860793,0.3877787386607701,0.024339441278861937,2.344303160890426,-0.04068210526686261,2.9196992127994243,1
2026-01-14 21:25:56.970,0.10310534379875771,1.0190903306631345,0.5985215533747503,0.1093918087378503,0.912842682497127,0.3925763820855002,0.025208201466395484,2.333731574578813,-0.03987760472258918,2.920104196916087,1
2026-01-14 21:25:57.020,0.10306868029837493,1.0189154717781528,0.6073034836767238,0.10897590354344792,0.9109778900963783,0.3969480610783679,0.025995634413579414,2.3240796044741097,-0.03916266080462067,2.9204390223808017,1
2026-01-14 21:25:57.070,0.10310629412116165,1.018901298408965,0.6157886836354494,0.10856485581731877,0.909142758704437,0.401194093607878,0.02676594161997551,2.314684803138095,-0.03845250909752511,2.9207616759533064,1
2026-01-14 21:25:57.120,0.10330455914371939,1.0189076019821002,0.6248487627784348,0.1081808692003165,0.9071550405362285,0.4057150164140172,0.02760357630727094,2.3046587717555447,-0.03770869546294169,2.9209798921192727,1
2026-01-14 21:25:57.170,0.10366879488873894,1.0187070384590353,0.6350927997087393,0.1078445477206424,0.9048676135288057,0.41081143141921833,0.028602855257943233,2.2933210609003716,-0.036852292182369496,2.9209882609257796,1
2026-01-14 21:25:57.220,0.10391538133875763,1.0183580331681754,0.6468059257318468,0.10740459235914936,0.9022312697480146,0.4166055311080317,0.029712301816675613,2.2804003753066673,-0.03588365925484684,2.921105536763651,1
2026-01-14 21:25:57.270,0.10409846724658096,1.0179139710460539,0.6592470049688912,0.10689369089049339,0.899387508621842,0.42275648538283034,0.030867495032163243,2.2666460492010363,-0.034863385285992914,2.921306010000684,1
2026-01-14 21:25:57.320,0.10403534798080694,1.017345968552923,0.6715329245162054,0.10628623244958355,0.896563137774093,0.42878285630702695,0.031984979498719535,2.253128365553308,-0.033800757319951545,2.921686070667677,1
2026-01-14 21:25:57.370,0.10394030801731288,1.0168986213158266,0.6824781720819533,0.10573124440142764,0.8940044990708024,0.434154660645698,0.03296346823542678,2.2410463148743034,-0.03287436828426628,2.9220445695404798,1
2026-01-14 21:25:57.420,0.10387475701338096,1.0166800034932562,0.6921440289486389,0.10522797875251913,0.8917146922993667,0.4388949556946976,0.03381120954438588,2.230358859652094,-0.03207365236193385,2.922383623007881,1
2026-01-14 21:25:57.470,0.10389326568350997,1.0165807242267124,0.6930333073508532,0.10519206251536899,0.8914819020504678,0.4393683753087117,0.033912815849261695,2.229286644980433,-0.03197625695846194,2.9223758415304015,1
2026-01-14 21:25:57.520,0.1039557470790235,1.0166632988077198,0.6924388483749159,0.10523430437663746,0.8916282394506949,0.4390636742696144,0.03388087562749068,2.229969979049657,-0.03199628885804952,2.922316859806764,1
2026-01-14 21:25:57.570,0.10388923448522554,1.016649087314332,0.6924163458514847,0.10519600548058126,0.8916383919420613,0.43905342131597924,0.03386549389330859,2.2299951831059732,-0.03198723771793494,2.922399299520746,1
2026-01-14 21:25:57.620,0.10382481928396627,1.016650253335909,0.6922483869372731,0.10520109169430394,0.8916829975640207,0.4389646667377213,0.03382578184478227,2.2302006018056106,-0.032040857209006665,2.922421898886111,1
2026-01-14 21:25:57.670,0.10379984605613189,1.0166376402082213,0.6923114762302551,0.10517181417555825,0.8916720091339871,0.4389939034116041,0.0338270660481208,2.2301348714769,-0.03201974574406116,2.9224747548970202,1
2026-01-14 21:25:57.720,0.10379755006654849,1.016664609465467,0.692199544775197,0.10517424476733149,0.8917007500037017,0.43893633604740717,0.033808927485724595,2.2302664426614163,-0.03204018495027102,2.922484283041175,1
2026-01-14 21:25:57.770,0.10375210982947851,1.0166798408116966,0.692149025707533,0.10516088472812213,0.891712053510061,0.4389182706487736,0.033786885603125406,2.230310941672103,-0.03206321452454288,2.92252718942878,1
2026-01-14 21:25:57.820,0.10374675965957697,1.0166554535558876,0.6922383159945603,0.10516053188969544,0.8916915203404503,0.43895896536166573,0.033801210247988094,2.2302176416337383,-0.032047296743004085,2.922516665559695,1
2026-01-14 21:25:57.870,0.10379588313682084,1.0166555378269053,0.6922280399094041,0.10519177499318434,0.8916922567349728,0.4389493858495194,0.033808969446055194,2.230237892789539,-0.03205882875975714,2.9224529934803156,1
2026-01-14 21:25:57.920,0.1038564580417054,1.016631790478275,0.6922648428903949,0.10521092322815731,0.8916806497342691,0.43896696598760787,0.03382725668133686,2.2301954037156233,-0.032047504493817824,2.922402898960058,1
2026-01-14 21:25:57.970,0.10378987754416887,1.0166400924878904,0.6922506928123361,0.10518024277297018,0.891689043618101,0.43895751069810457,0.03382410122056303,2.230216367681184,-0.032023627306080216,2.9224608386684805,1
